participant_code,assigned_condition,domain_order_json,started_at,completed_at,sanity_passed,sanity_attempts,sanity_honeypot_triggered,sanity_last_answers_json,sanity_last_response_time_ms,sanity_min_response_time_ms,sanity_any_very_fast,task_index,domain_name,trajectory_json,events_json,scores_json,response_time_ms,confidence,explanation,answers_json
utk5,partial,"[""search_recon"", ""office""]",2026-07-25T00:24:24.574961+00:00,2026-07-25T04:24:43.154358+00:00,1,1,0,"{""math"": ""15"", ""study_task"": ""route"", ""attention"": ""robot""}",15210,15210,0,0,search_recon,"[[0, 0], [0, 1], [0, 2], [0, 3], [0, 4], [0, 5], [1, 5], [2, 5], [3, 5], [4, 5], [5, 5], [5, 4], [5, 3], [5, 2], [4, 2], [3, 2], [2, 2], [3, 2], [4, 2], [5, 2], [6, 2], [7, 2], [8, 2], [7, 2], [6, 2], [5, 2], [5, 3], [5, 4], [5, 5], [5, 6], [5, 7], [5, 8], [4, 8], [3, 8], [2, 8], [3, 8], [4, 8], [3, 8], [4, 8], [5, 8], [6, 8], [7, 8], [8, 8], [7, 8], [6, 8], [5, 8], [5, 7], [5, 6], [5, 5], [5, 4], [5, 3], [5, 2], [5, 1], [5, 0], [4, 0], [3, 0], [2, 0], [1, 0], [0, 0]]","[{""type"": ""add"", ""point"": [0, 1], ""time_ms"": 61378}, {""type"": ""add"", ""point"": [0, 2], ""time_ms"": 62656}, {""type"": ""add"", ""point"": [0, 3], ""time_ms"": 63562}, {""type"": ""add"", ""point"": [0, 4], ""time_ms"": 64981}, {""type"": ""add"", ""point"": [0, 5], ""time_ms"": 65083}, {""type"": ""add"", ""point"": [1, 5], ""time_ms"": 66396}, {""type"": ""add"", ""point"": [2, 5], ""time_ms"": 68995}, {""type"": ""add"", ""point"": [3, 5], ""time_ms"": 69696}, {""type"": ""add"", ""point"": [4, 5], ""time_ms"": 70229}, {""type"": ""add"", ""point"": [5, 5], ""time_ms"": 70762}, {""type"": ""add"", ""point"": [5, 4], ""time_ms"": 71180}, {""type"": ""add"", ""point"": [5, 3], ""time_ms"": 71696}, {""type"": ""add"", ""point"": [5, 2], ""time_ms"": 72196}, {""type"": ""add"", ""point"": [4, 2], ""time_ms"": 72729}, {""type"": ""add"", ""point"": [3, 2], ""time_ms"": 73214}, {""type"": ""add"", ""point"": [2, 2], ""time_ms"": 73830}, {""type"": ""add"", ""point"": [3, 2], ""time_ms"": 74629}, {""type"": ""add"", ""point"": [4, 2], ""time_ms"": 75195}, {""type"": ""add"", ""point"": [5, 2], ""time_ms"": 75730}, {""type"": ""add"", ""point"": [6, 2], ""time_ms"": 76261}, {""type"": ""add"", ""point"": [7, 2], ""time_ms"": 76989}, {""type"": ""add"", ""point"": [8, 2], ""time_ms"": 77468}, {""type"": ""add"", ""point"": [7, 2], ""time_ms"": 78096}, {""type"": ""add"", ""point"": [6, 2], ""time_ms"": 78716}, {""type"": ""add"", ""point"": [5, 2], ""time_ms"": 79263}, {""type"": ""add"", ""point"": [5, 3], ""time_ms"": 79762}, {""type"": ""add"", ""point"": [5, 4], ""time_ms"": 80329}, {""type"": ""add"", ""point"": [5, 5], ""time_ms"": 80999}, {""type"": ""add"", ""point"": [5, 6], ""time_ms"": 82216}, {""type"": ""add"", ""point"": [5, 7], ""time_ms"": 82963}, {""type"": ""add"", ""point"": [5, 8], ""time_ms"": 83865}, {""type"": ""add"", ""point"": [4, 8], ""time_ms"": 84437}, {""type"": ""add"", ""point"": [3, 8], ""time_ms"": 85029}, {""type"": ""add"", ""point"": [2, 8], ""time_ms"": 85563}, {""type"": ""add"", ""point"": [3, 8], ""time_ms"": 87894}, {""type"": ""add"", ""point"": [4, 8], ""time_ms"": 89154}, {""type"": ""add"", ""point"": [3, 8], ""time_ms"": 89758}, {""type"": ""add"", ""point"": [4, 8], ""time_ms"": 90563}, {""type"": ""add"", ""point"": [5, 8], ""time_ms"": 91432}, {""type"": ""add"", ""point"": [6, 8], ""time_ms"": 93043}, {""type"": ""add"", ""point"": [7, 8], ""time_ms"": 94145}, {""type"": ""add"", ""point"": [8, 8], ""time_ms"": 95111}, {""type"": ""add"", ""point"": [7, 8], ""time_ms"": 96095}, {""type"": ""add"", ""point"": [6, 8], ""time_ms"": 96878}, {""type"": ""add"", ""point"": [5, 8], ""time_ms"": 97485}, {""type"": ""add"", ""point"": [5, 7], ""time_ms"": 98178}, {""type"": ""add"", ""point"": [5, 6], ""time_ms"": 98880}, {""type"": ""add"", ""point"": [5, 5], ""time_ms"": 99528}, {""type"": ""add"", ""point"": [5, 4], ""time_ms"": 100150}, {""type"": ""add"", ""point"": [5, 3], ""time_ms"": 100728}, {""type"": ""add"", ""point"": [5, 2], ""time_ms"": 105161}, {""type"": ""add"", ""point"": [5, 1], ""time_ms"": 105714}, {""type"": ""add"", ""point"": [5, 0], ""time_ms"": 106463}, {""type"": ""add"", ""point"": [4, 0], ""time_ms"": 106996}, {""type"": ""add"", ""point"": [3, 0], ""time_ms"": 108028}, {""type"": ""add"", ""point"": [2, 0], ""time_ms"": 109429}, {""type"": ""add"", ""point"": [1, 0], ""time_ms"": 110161}, {""type"": ""add"", ""point"": [0, 0], ""time_ms"": 110695}]","{""valid"": true, ""completed"": true, ""steps"": 58, ""task_reward"": 7.931590127743815, ""full_user_reward"": 2.9972114983757754, ""partial_user_reward"": 2.9972114983757754, ""true_safety_cost"": 0.2017545786256858, ""perceived_safety_cost"": 0.2017545786256858, ""hidden_hazard_entered"": false, ""details"": {""photos"": [""A"", ""B"", ""C"", ""D""], ""photo_count"": 4, ""stuck"": false, ""execution_success"": true, ""route_completed"": true, ""returned_home"": true, ""first_high_step"": null, ""visible_high_hazard_entered"": false}}",113628,,,"{""noticed_environmental_risk"": ""1"", ""information_complete"": ""yes"", ""strategy"": """", ""comments"": """"}"
utk5,partial,"[""search_recon"", ""office""]",2026-07-25T00:24:24.574961+00:00,2026-07-25T04:24:43.154358+00:00,1,1,0,"{""math"": ""15"", ""study_task"": ""route"", ""attention"": ""robot""}",15210,15210,0,1,office,"[[8, 4], [7, 4], [8, 4], [8, 5], [8, 6], [8, 7], [7, 7], [7, 8], [6, 8], [5, 8], [4, 8], [4, 7], [3, 7], [3, 8], [2, 8], [1, 8], [0, 8], [0, 7], [0, 6], [0, 5], [0, 4], [1, 4], [0, 4], [0, 3], [0, 2], [0, 1], [0, 0], [1, 0], [2, 0], [3, 0], [4, 0], [5, 0], [6, 0], [7, 0], [7, 1], [8, 1], [8, 2], [8, 3], [8, 4], [7, 4]]","[{""type"": ""add"", ""point"": [7, 4], ""time_ms"": 7949}, {""type"": ""add"", ""point"": [8, 4], ""time_ms"": 8740}, {""type"": ""add"", ""point"": [8, 5], ""time_ms"": 9441}, {""type"": ""add"", ""point"": [8, 6], ""time_ms"": 10040}, {""type"": ""add"", ""point"": [8, 7], ""time_ms"": 10606}, {""type"": ""add"", ""point"": [7, 7], ""time_ms"": 11275}, {""type"": ""add"", ""point"": [7, 8], ""time_ms"": 11841}, {""type"": ""add"", ""point"": [6, 8], ""time_ms"": 12475}, {""type"": ""add"", ""point"": [5, 8], ""time_ms"": 13107}, {""type"": ""add"", ""point"": [4, 8], ""time_ms"": 13743}, {""type"": ""add"", ""point"": [4, 7], ""time_ms"": 14406}, {""type"": ""add"", ""point"": [3, 7], ""time_ms"": 15106}, {""type"": ""add"", ""point"": [3, 8], ""time_ms"": 15706}, {""type"": ""add"", ""point"": [2, 8], ""time_ms"": 16339}, {""type"": ""add"", ""point"": [1, 8], ""time_ms"": 16939}, {""type"": ""add"", ""point"": [0, 8], ""time_ms"": 18379}, {""type"": ""add"", ""point"": [0, 7], ""time_ms"": 18912}, {""type"": ""add"", ""point"": [0, 6], ""time_ms"": 19507}, {""type"": ""add"", ""point"": [0, 5], ""time_ms"": 20085}, {""type"": ""add"", ""point"": [0, 4], ""time_ms"": 20678}, {""type"": ""add"", ""point"": [1, 4], ""time_ms"": 21307}, {""type"": ""add"", ""point"": [0, 4], ""time_ms"": 22010}, {""type"": ""add"", ""point"": [0, 3], ""time_ms"": 22575}, {""type"": ""add"", ""point"": [0, 2], ""time_ms"": 23141}, {""type"": ""add"", ""point"": [0, 1], ""time_ms"": 24044}, {""type"": ""add"", ""point"": [0, 0], ""time_ms"": 24641}, {""type"": ""add"", ""point"": [1, 0], ""time_ms"": 25341}, {""type"": ""add"", ""point"": [2, 0], ""time_ms"": 26009}, {""type"": ""add"", ""point"": [3, 0], ""time_ms"": 26608}, {""type"": ""add"", ""point"": [4, 0], ""time_ms"": 27214}, {""type"": ""add"", ""point"": [5, 0], ""time_ms"": 27811}, {""type"": ""add"", ""point"": [6, 0], ""time_ms"": 28451}, {""type"": ""add"", ""point"": [7, 0], ""time_ms"": 29008}, {""type"": ""add"", ""point"": [7, 1], ""time_ms"": 29774}, {""type"": ""add"", ""point"": [8, 1], ""time_ms"": 30439}, {""type"": ""add"", ""point"": [8, 2], ""time_ms"": 31044}, {""type"": ""add"", ""point"": [8, 3], ""time_ms"": 31641}, {""type"": ""add"", ""point"": [8, 4], ""time_ms"": 32210}, {""type"": ""add"", ""point"": [7, 4], ""time_ms"": 34342}]","{""valid"": true, ""completed"": true, ""steps"": 39, ""task_reward"": 8.104746815750728, ""full_user_reward"": 9.086272753700285, ""partial_user_reward"": 11.347456325147892, ""true_safety_cost"": 2.261183571447605, ""perceived_safety_cost"": 0.0, ""hidden_hazard_entered"": false, ""details"": {""coffee_picked"": true, ""picked_from"": [4, 7], ""entered_true_busy"": true, ""entered_visible_busy"": false}}",35710,,,"{""noticed_environmental_risk"": ""1"", ""information_complete"": ""yes"", ""strategy"": """", ""comments"": """"}"
Ak,full,"[""office"", ""search_recon""]",2026-07-25T01:18:28.407685+00:00,,0,0,0,,,,0,0,office,"[[8, 4], [7, 4], [6, 4], [5, 4], [4, 4], [3, 4], [2, 4], [1, 4], [2, 4], [3, 4], [4, 4], [5, 4], [6, 4], [7, 4]]","[{""type"": ""add"", ""point"": [7, 4], ""time_ms"": 3189}, {""type"": ""add"", ""point"": [6, 4], ""time_ms"": 3889}, {""type"": ""add"", ""point"": [5, 4], ""time_ms"": 4358}, {""type"": ""add"", ""point"": [4, 4], ""time_ms"": 4758}, {""type"": ""add"", ""point"": [3, 4], ""time_ms"": 6252}, {""type"": ""add"", ""point"": [4, 4], ""time_ms"": 6885}, {""type"": ""add"", ""point"": [3, 4], ""time_ms"": 7952}, {""type"": ""add"", ""point"": [2, 4], ""time_ms"": 9286}, {""type"": ""add"", ""point"": [1, 4], ""time_ms"": 10735}, {""type"": ""add"", ""point"": [2, 4], ""time_ms"": 12636}, {""type"": ""add"", ""point"": [3, 4], ""time_ms"": 13703}, {""type"": ""add"", ""point"": [4, 4], ""time_ms"": 14486}, {""type"": ""add"", ""point"": [5, 4], ""time_ms"": 15070}, {""type"": ""add"", ""point"": [6, 4], ""time_ms"": 16020}, {""type"": ""add"", ""point"": [7, 4], ""time_ms"": 16987}, {""type"": ""add"", ""point"": [8, 4], ""time_ms"": 17753}, {""type"": ""add"", ""point"": [7, 4], ""time_ms"": 100925}, {""type"": ""add"", ""point"": [6, 4], ""time_ms"": 104026}, {""type"": ""reset"", ""time_ms"": 106961}, {""type"": ""add"", ""point"": [7, 4], ""time_ms"": 108942}, {""type"": ""add"", ""point"": [6, 4], ""time_ms"": 109575}, {""type"": ""add"", ""point"": [5, 4], ""time_ms"": 110196}, {""type"": ""add"", ""point"": [4, 4], ""time_ms"": 110760}, {""type"": ""add"", ""point"": [3, 4], ""time_ms"": 111359}, {""type"": ""add"", ""point"": [2, 4], ""time_ms"": 111844}, {""type"": ""add"", ""point"": [1, 4], ""time_ms"": 112361}, {""type"": ""add"", ""point"": [2, 4], ""time_ms"": 115425}, {""type"": ""add"", ""point"": [3, 4], ""time_ms"": 117506}, {""type"": ""add"", ""point"": [4, 4], ""time_ms"": 118024}, {""type"": ""add"", ""point"": [5, 4], ""time_ms"": 118558}, {""type"": ""add"", ""point"": [6, 4], ""time_ms"": 119107}, {""type"": ""add"", ""point"": [7, 4], ""time_ms"": 119660}]","{""valid"": true, ""completed"": true, ""steps"": 13, ""task_reward"": 12.346459694155971, ""full_user_reward"": 6.038029203701109, ""partial_user_reward"": 6.038029203701109, ""true_safety_cost"": 2.8258195134601825, ""perceived_safety_cost"": 2.8258195134601825, ""hidden_hazard_entered"": false, ""details"": {""coffee_picked"": true, ""picked_from"": [1, 4], ""entered_true_busy"": true, ""entered_visible_busy"": true}}",124981,1,,
fghj,full,"[""search_recon"", ""office""]",2026-07-25T04:26:31.466486+00:00,,0,1,0,"{""math"": ""789"", ""study_task"": ""route"", ""domain_question"": ""photos"", ""attention"": ""triangle""}",19763,19763,0,,,,,,,,,
ritik zambre,full,"[""office"", ""search_recon""]",2026-07-25T05:29:56.368162+00:00,2026-07-25T05:39:43.056208+00:00,0,0,0,,,,0,0,office,"[[8, 4], [8, 5], [8, 6], [7, 6], [7, 7], [6, 7], [6, 8], [5, 8], [4, 8], [4, 7], [4, 8], [5, 8], [6, 8], [6, 7], [7, 7], [7, 6], [8, 6], [8, 5], [7, 5], [7, 4]]","[{""type"": ""add"", ""point"": [7, 4], ""time_ms"": 28846}, {""type"": ""add"", ""point"": [6, 4], ""time_ms"": 30174}, {""type"": ""add"", ""point"": [5, 4], ""time_ms"": 31274}, {""type"": ""add"", ""point"": [5, 5], ""time_ms"": 32441}, {""type"": ""add"", ""point"": [4, 5], ""time_ms"": 33488}, {""type"": ""add"", ""point"": [4, 6], ""time_ms"": 34507}, {""type"": ""add"", ""point"": [4, 7], ""time_ms"": 35538}, {""type"": ""add"", ""point"": [4, 6], ""time_ms"": 52614}, {""type"": ""reset"", ""time_ms"": 80021}, {""type"": ""add"", ""point"": [8, 5], ""time_ms"": 107585}, {""type"": ""add"", ""point"": [8, 6], ""time_ms"": 108409}, {""type"": ""add"", ""point"": [7, 6], ""time_ms"": 110153}, {""type"": ""add"", ""point"": [7, 7], ""time_ms"": 113643}, {""type"": ""add"", ""point"": [6, 7], ""time_ms"": 114639}, {""type"": ""add"", ""point"": [6, 8], ""time_ms"": 115407}, {""type"": ""add"", ""point"": [5, 8], ""time_ms"": 117318}, {""type"": ""add"", ""point"": [4, 8], ""time_ms"": 118772}, {""type"": ""add"", ""point"": [4, 7], ""time_ms"": 119472}, {""type"": ""add"", ""point"": [4, 8], ""time_ms"": 122340}, {""type"": ""add"", ""point"": [5, 8], ""time_ms"": 123474}, {""type"": ""add"", ""point"": [6, 8], ""time_ms"": 124545}, {""type"": ""add"", ""point"": [6, 7], ""time_ms"": 128941}, {""type"": ""add"", ""point"": [7, 7], ""time_ms"": 129841}, {""type"": ""add"", ""point"": [7, 6], ""time_ms"": 130806}, {""type"": ""add"", ""point"": [8, 6], ""time_ms"": 131740}, {""type"": ""add"", ""point"": [8, 5], ""time_ms"": 132773}, {""type"": ""add"", ""point"": [7, 5], ""time_ms"": 135440}, {""type"": ""add"", ""point"": [7, 4], ""time_ms"": 136174}]","{""valid"": true, ""completed"": true, ""steps"": 19, ""task_reward"": 11.220547324996343, ""full_user_reward"": 10.651766329526296, ""partial_user_reward"": 12.958861086640475, ""true_safety_cost"": 2.3070947571141773, ""perceived_safety_cost"": 0.0, ""hidden_hazard_entered"": false, ""details"": {""coffee_picked"": true, ""picked_from"": [4, 7], ""entered_true_busy"": true, ""entered_visible_busy"": false}}",187927,5,"traced a route to get coffee from start, traced same path back easier to remember less steps ","{""noticed_environmental_risk"": ""6"", ""information_complete"": ""yes"", ""strategy"": ""The non stop behaviour and less risk to robot body for longer operations in one instance of starting to end operational time ( low maintenance )"", ""comments"": ""NA""}"
ritik zambre,full,"[""office"", ""search_recon""]",2026-07-25T05:29:56.368162+00:00,2026-07-25T05:39:43.056208+00:00,0,0,0,,,,0,1,search_recon,"[[10, 5], [10, 4], [10, 3], [10, 2], [9, 2], [9, 1], [9, 2], [10, 2], [10, 3], [10, 4], [10, 5], [10, 6], [10, 7], [10, 8], [10, 9], [9, 9], [9, 10], [8, 10], [7, 10], [6, 10], [5, 10], [4, 10], [3, 10], [2, 10], [1, 10], [1, 9], [1, 8], [0, 8], [0, 7], [0, 6], [0, 5], [0, 4], [0, 3], [0, 2], [0, 1], [1, 1], [1, 0], [2, 0], [3, 0], [4, 0], [5, 0], [6, 0], [7, 0], [8, 0], [9, 0], [9, 1], [9, 2], [10, 2], [10, 3], [10, 4], [10, 5]]","[{""type"": ""invalid_click"", ""point"": [0, 3], ""time_ms"": 56582}, {""type"": ""add"", ""point"": [10, 4], ""time_ms"": 69170}, {""type"": ""add"", ""point"": [10, 3], ""time_ms"": 70702}, {""type"": ""add"", ""point"": [10, 2], ""time_ms"": 72203}, {""type"": ""add"", ""point"": [9, 2], ""time_ms"": 73540}, {""type"": ""add"", ""point"": [9, 1], ""time_ms"": 74635}, {""type"": ""add"", ""point"": [9, 2], ""time_ms"": 85240}, {""type"": ""add"", ""point"": [10, 2], ""time_ms"": 86202}, {""type"": ""add"", ""point"": [10, 3], ""time_ms"": 87169}, {""type"": ""add"", ""point"": [10, 4], ""time_ms"": 88068}, {""type"": ""add"", ""point"": [10, 5], ""time_ms"": 88933}, {""type"": ""add"", ""point"": [10, 6], ""time_ms"": 89893}, {""type"": ""add"", ""point"": [10, 7], ""time_ms"": 90739}, {""type"": ""add"", ""point"": [10, 8], ""time_ms"": 91696}, {""type"": ""add"", ""point"": [10, 9], ""time_ms"": 92826}, {""type"": ""add"", ""point"": [9, 9], ""time_ms"": 95037}, {""type"": ""add"", ""point"": [9, 10], ""time_ms"": 105634}, {""type"": ""add"", ""point"": [8, 10], ""time_ms"": 106701}, {""type"": ""add"", ""point"": [7, 10], ""time_ms"": 141736}, {""type"": ""add"", ""point"": [6, 10], ""time_ms"": 142767}, {""type"": ""add"", ""point"": [5, 10], ""time_ms"": 143537}, {""type"": ""add"", ""point"": [4, 10], ""time_ms"": 144468}, {""type"": ""add"", ""point"": [3, 10], ""time_ms"": 145404}, {""type"": ""add"", ""point"": [2, 10], ""time_ms"": 146338}, {""type"": ""add"", ""point"": [1, 10], ""time_ms"": 148275}, {""type"": ""add"", ""point"": [1, 9], ""time_ms"": 149355}, {""type"": ""add"", ""point"": [1, 8], ""time_ms"": 153369}, {""type"": ""add"", ""point"": [0, 8], ""time_ms"": 154289}, {""type"": ""add"", ""point"": [0, 7], ""time_ms"": 155107}, {""type"": ""add"", ""point"": [0, 6], ""time_ms"": 155835}, {""type"": ""add"", ""point"": [0, 5], ""time_ms"": 156667}, {""type"": ""add"", ""point"": [0, 4], ""time_ms"": 157501}, {""type"": ""add"", ""point"": [0, 3], ""time_ms"": 158202}, {""type"": ""add"", ""point"": [0, 2], ""time_ms"": 159068}, {""type"": ""add"", ""point"": [0, 1], ""time_ms"": 159972}, {""type"": ""add"", ""point"": [1, 1], ""time_ms"": 160741}, {""type"": ""add"", ""point"": [1, 0], ""time_ms"": 163301}, {""type"": ""add"", ""point"": [2, 0], ""time_ms"": 164134}, {""type"": ""add"", ""point"": [3, 0], ""time_ms"": 165004}, {""type"": ""add"", ""point"": [4, 0], ""time_ms"": 166202}, {""type"": ""add"", ""point"": [5, 0], ""time_ms"": 167371}, {""type"": ""add"", ""point"": [6, 0], ""time_ms"": 168534}, {""type"": ""add"", ""point"": [7, 0], ""time_ms"": 169271}, {""type"": ""add"", ""point"": [8, 0], ""time_ms"": 170070}, {""type"": ""add"", ""point"": [9, 0], ""time_ms"": 170971}, {""type"": ""add"", ""point"": [9, 1], ""time_ms"": 171771}, {""type"": ""add"", ""point"": [9, 2], ""time_ms"": 172702}, {""type"": ""add"", ""point"": [10, 2], ""time_ms"": 173535}, {""type"": ""add"", ""point"": [10, 3], ""time_ms"": 174374}, {""type"": ""add"", ""point"": [10, 4], ""time_ms"": 175268}, {""type"": ""add"", ""point"": [10, 5], ""time_ms"": 176170}]","{""valid"": true, ""completed"": true, ""steps"": 50, ""task_reward"": 11.51442282378791, ""full_user_reward"": 8.950089383919181, ""partial_user_reward"": 8.950089383919181, ""true_safety_cost"": 0.0, ""perceived_safety_cost"": 0.0, ""hidden_hazard_entered"": false, ""details"": {""photos"": [""A"", ""B"", ""C"", ""D""], ""photo_count"": 4, ""stuck"": false, ""execution_success"": true, ""route_completed"": true, ""returned_home"": true, ""first_high_step"": null, ""visible_high_hazard_entered"": false}}",278542,5,"easy path, no obstacles extra effort in moves, less resistance to non-stop movement","{""noticed_environmental_risk"": ""6"", ""information_complete"": ""yes"", ""strategy"": ""The non stop behaviour and less risk to robot body for longer operations in one instance of starting to end operational time ( low maintenance )"", ""comments"": ""NA""}"
Piyush Sharma,partial,"[""search_recon"", ""office""]",2026-07-25T05:41:48.617662+00:00,2026-07-25T05:53:50.310081+00:00,0,0,0,,,,0,0,search_recon,"[[10, 5], [10, 4], [10, 3], [10, 2], [10, 1], [9, 1], [8, 1], [8, 0], [7, 0], [6, 0], [5, 0], [4, 0], [3, 0], [2, 0], [1, 0], [1, 1], [0, 1], [0, 2], [0, 3], [0, 4], [0, 5], [0, 6], [0, 7], [0, 8], [0, 9], [1, 9], [2, 9], [2, 10], [3, 10], [4, 10], [5, 10], [6, 10], [7, 10], [8, 10], [9, 10], [9, 9], [10, 9], [10, 8], [10, 7], [10, 6], [10, 5]]","[{""type"": ""add"", ""point"": [9, 5], ""time_ms"": 143683}, {""type"": ""add"", ""point"": [8, 5], ""time_ms"": 145220}, {""type"": ""invalid_click"", ""point"": [6, 5], ""time_ms"": 146647}, {""type"": ""add"", ""point"": [7, 5], ""time_ms"": 149747}, {""type"": ""add"", ""point"": [6, 5], ""time_ms"": 150980}, {""type"": ""add"", ""point"": [5, 5], ""time_ms"": 151813}, {""type"": ""add"", ""point"": [4, 5], ""time_ms"": 152680}, {""type"": ""add"", ""point"": [3, 5], ""time_ms"": 153481}, {""type"": ""add"", ""point"": [2, 5], ""time_ms"": 154447}, {""type"": ""add"", ""point"": [2, 4], ""time_ms"": 155249}, {""type"": ""add"", ""point"": [2, 3], ""time_ms"": 156113}, {""type"": ""add"", ""point"": [2, 2], ""time_ms"": 157113}, {""type"": ""add"", ""point"": [2, 1], ""time_ms"": 158427}, {""type"": ""add"", ""point"": [1, 1], ""time_ms"": 159180}, {""type"": ""invalid_click"", ""point"": [10, 5], ""time_ms"": 195020}, {""type"": ""invalid_click"", ""point"": [9, 5], ""time_ms"": 199248}, {""type"": ""invalid_click"", ""point"": [8, 5], ""time_ms"": 199980}, {""type"": ""add"", ""point"": [2, 1], ""time_ms"": 202649}, {""type"": ""add"", ""point"": [2, 2], ""time_ms"": 203430}, {""type"": ""add"", ""point"": [2, 3], ""time_ms"": 204246}, {""type"": ""add"", ""point"": [2, 4], ""time_ms"": 205095}, {""type"": ""add"", ""point"": [2, 5], ""time_ms"": 205847}, {""type"": ""add"", ""point"": [3, 5], ""time_ms"": 206680}, {""type"": ""add"", ""point"": [4, 5], ""time_ms"": 207519}, {""type"": ""add"", ""point"": [5, 5], ""time_ms"": 208379}, {""type"": ""add"", ""point"": [6, 5], ""time_ms"": 209213}, {""type"": ""invalid_click"", ""point"": [8, 5], ""time_ms"": 210112}, {""type"": ""add"", ""point"": [7, 5], ""time_ms"": 210780}, {""type"": ""add"", ""point"": [8, 5], ""time_ms"": 211313}, {""type"": ""add"", ""point"": [9, 5], ""time_ms"": 211912}, {""type"": ""add"", ""point"": [10, 5], ""time_ms"": 212846}, {""type"": ""undo"", ""point"": [10, 5], ""time_ms"": 247354}, {""type"": ""undo"", ""point"": [9, 5], ""time_ms"": 249012}, {""type"": ""undo"", ""point"": [8, 5], ""time_ms"": 249525}, {""type"": ""reset"", ""time_ms"": 250080}, {""type"": ""add"", ""point"": [9, 5], ""time_ms"": 255412}, {""type"": ""reset"", ""time_ms"": 285220}, {""type"": ""add"", ""point"": [10, 4], ""time_ms"": 288917}, {""type"": ""add"", ""point"": [10, 3], ""time_ms"": 289411}, {""type"": ""add"", ""point"": [10, 2], ""time_ms"": 290378}, {""type"": ""add"", ""point"": [10, 1], ""time_ms"": 291145}, {""type"": ""add"", ""point"": [9, 1], ""time_ms"": 291845}, {""type"": ""add"", ""point"": [8, 1], ""time_ms"": 296509}, {""type"": ""add"", ""point"": [8, 0], ""time_ms"": 299382}, {""type"": ""add"", ""point"": [7, 0], ""time_ms"": 300412}, {""type"": ""add"", ""point"": [6, 0], ""time_ms"": 301213}, {""type"": ""add"", ""point"": [5, 0], ""time_ms"": 301912}, {""type"": ""add"", ""point"": [4, 0], ""time_ms"": 302445}, {""type"": ""add"", ""point"": [3, 0], ""time_ms"": 303211}, {""type"": ""add"", ""point"": [2, 0], ""time_ms"": 304012}, {""type"": ""add"", ""point"": [1, 0], ""time_ms"": 304812}, {""type"": ""add"", ""point"": [1, 1], ""time_ms"": 305645}, {""type"": ""add"", ""point"": [0, 1], ""time_ms"": 310255}, {""type"": ""add"", ""point"": [0, 2], ""time_ms"": 310912}, {""type"": ""add"", ""point"": [0, 3], ""time_ms"": 311746}, {""type"": ""add"", ""point"": [0, 4], ""time_ms"": 312245}, {""type"": ""add"", ""point"": [0, 5], ""time_ms"": 312711}, {""type"": ""add"", ""point"": [0, 6], ""time_ms"": 313446}, {""type"": ""add"", ""point"": [0, 7], ""time_ms"": 314178}, {""type"": ""add"", ""point"": [0, 8], ""time_ms"": 315011}, {""type"": ""add"", ""point"": [0, 9], ""time_ms"": 315680}, {""type"": ""add"", ""point"": [1, 9], ""time_ms"": 316412}, {""type"": ""add"", ""point"": [2, 9], ""time_ms"": 317112}, {""type"": ""add"", ""point"": [2, 10], ""time_ms"": 318312}, {""type"": ""add"", ""point"": [3, 10], ""time_ms"": 319044}, {""type"": ""add"", ""point"": [4, 10], ""time_ms"": 319911}, {""type"": ""add"", ""point"": [5, 10], ""time_ms"": 320678}, {""type"": ""add"", ""point"": [6, 10], ""time_ms"": 321513}, {""type"": ""add"", ""point"": [7, 10], ""time_ms"": 323145}, {""type"": ""add"", ""point"": [8, 10], ""time_ms"": 323846}, {""type"": ""add"", ""point"": [9, 10], ""time_ms"": 324713}, {""type"": ""add"", ""point"": [9, 9], ""time_ms"": 325445}, {""type"": ""add"", ""point"": [10, 9], ""time_ms"": 326278}, {""type"": ""add"", ""point"": [10, 8], ""time_ms"": 327080}, {""type"": ""add"", ""point"": [10, 7], ""time_ms"": 327912}, {""type"": ""add"", ""point"": [10, 6], ""time_ms"": 328679}, {""type"": ""add"", ""point"": [10, 5], ""time_ms"": 329478}]","{""valid"": true, ""completed"": true, ""steps"": 40, ""task_reward"": 12.573729493359556, ""full_user_reward"": 10.723597635925984, ""partial_user_reward"": 10.723597635925984, ""true_safety_cost"": 0.0, ""perceived_safety_cost"": 0.0, ""hidden_hazard_entered"": false, ""details"": {""photos"": [""A"", ""B"", ""C"", ""D""], ""photo_count"": 4, ""stuck"": false, ""execution_success"": true, ""route_completed"": true, ""returned_home"": true, ""first_high_step"": null, ""visible_high_hazard_entered"": false}}",336718,7,avoids debri and walls,"{""noticed_environmental_risk"": ""3"", ""information_complete"": ""yes"", ""strategy"": ""For 1st task I took the route that avoids all debri and walls as the map seemed complicated. For second task, I chose the shortest path as the I inferred that human traffic in an office setting won't do any damage to the robot"", ""comments"": """"}"
Piyush Sharma,partial,"[""search_recon"", ""office""]",2026-07-25T05:41:48.617662+00:00,2026-07-25T05:53:50.310081+00:00,0,0,0,,,,0,1,office,"[[8, 4], [8, 5], [8, 6], [8, 7], [7, 7], [7, 8], [6, 8], [5, 8], [4, 8], [4, 7], [4, 6], [4, 5], [5, 5], [5, 4], [6, 4], [7, 4]]","[{""type"": ""add"", ""point"": [8, 5], ""time_ms"": 32890}, {""type"": ""reset"", ""time_ms"": 37120}, {""type"": ""add"", ""point"": [8, 5], ""time_ms"": 50320}, {""type"": ""invalid_click"", ""point"": [8, 7], ""time_ms"": 51220}, {""type"": ""add"", ""point"": [8, 6], ""time_ms"": 52053}, {""type"": ""add"", ""point"": [8, 7], ""time_ms"": 52520}, {""type"": ""add"", ""point"": [7, 7], ""time_ms"": 55187}, {""type"": ""add"", ""point"": [7, 8], ""time_ms"": 55720}, {""type"": ""add"", ""point"": [6, 8], ""time_ms"": 56354}, {""type"": ""add"", ""point"": [5, 8], ""time_ms"": 57087}, {""type"": ""add"", ""point"": [4, 8], ""time_ms"": 57820}, {""type"": ""add"", ""point"": [4, 7], ""time_ms"": 58520}, {""type"": ""add"", ""point"": [4, 6], ""time_ms"": 59409}, {""type"": ""add"", ""point"": [4, 5], ""time_ms"": 59953}, {""type"": ""add"", ""point"": [5, 5], ""time_ms"": 61820}, {""type"": ""add"", ""point"": [5, 4], ""time_ms"": 62320}, {""type"": ""add"", ""point"": [6, 4], ""time_ms"": 63086}, {""type"": ""add"", ""point"": [7, 4], ""time_ms"": 64586}]","{""valid"": true, ""completed"": true, ""steps"": 15, ""task_reward"": 11.901765146242267, ""full_user_reward"": 10.10322527972778, ""partial_user_reward"": 11.958128999337557, ""true_safety_cost"": 3.1979563201016, ""perceived_safety_cost"": 1.3430526004918248, ""hidden_hazard_entered"": false, ""details"": {""coffee_picked"": true, ""picked_from"": [4, 7], ""entered_true_busy"": true, ""entered_visible_busy"": true}}",149631,7,I chose the route because it was the shortest. Even if the robot is going through a busy passage this route would be efficient.,"{""noticed_environmental_risk"": ""3"", ""information_complete"": ""yes"", ""strategy"": ""For 1st task I took the route that avoids all debri and walls as the map seemed complicated. For second task, I chose the shortest path as the I inferred that human traffic in an office setting won't do any damage to the robot"", ""comments"": """"}"
autu,partial,"[""search_recon"", ""office""]",2026-07-25T07:21:21.377440+00:00,,1,1,0,"{""math"": ""9"", ""study_task"": ""route"", ""attention"": ""robot""}",7272,7272,0,,,,,,,,,
utkkkkkk,full,"[""office"", ""search_recon""]",2026-07-25T08:30:05.278788+00:00,2026-07-25T08:32:22.519087+00:00,1,1,0,"{""math"": ""23"", ""study_task"": ""route"", ""domain_question"": ""coffee"", ""attention"": ""triangle""}",26608,26608,0,0,office,"[[8, 4], [7, 4], [7, 5], [8, 5], [8, 6], [8, 7], [8, 8], [7, 8], [6, 8], [5, 8], [4, 8], [4, 7], [4, 8], [3, 8], [2, 8], [1, 8], [0, 8], [0, 7], [0, 6], [0, 5], [0, 4], [1, 4], [0, 4], [0, 3], [0, 2], [0, 1], [0, 0], [1, 0], [2, 0], [3, 0], [4, 0], [5, 0], [6, 0], [6, 1], [7, 1], [8, 1], [8, 2], [8, 3], [8, 4], [7, 4]]","[{""type"": ""add"", ""point"": [7, 4], ""time_ms"": 3918}, {""type"": ""add"", ""point"": [7, 5], ""time_ms"": 5234}, {""type"": ""add"", ""point"": [8, 5], ""time_ms"": 5820}, {""type"": ""add"", ""point"": [8, 6], ""time_ms"": 6333}, {""type"": ""add"", ""point"": [8, 7], ""time_ms"": 6851}, {""type"": ""add"", ""point"": [8, 8], ""time_ms"": 7366}, {""type"": ""add"", ""point"": [7, 8], ""time_ms"": 7934}, {""type"": ""add"", ""point"": [6, 8], ""time_ms"": 8551}, {""type"": ""add"", ""point"": [5, 8], ""time_ms"": 9366}, {""type"": ""add"", ""point"": [4, 8], ""time_ms"": 10134}, {""type"": ""add"", ""point"": [4, 7], ""time_ms"": 10733}, {""type"": ""add"", ""point"": [4, 8], ""time_ms"": 11317}, {""type"": ""add"", ""point"": [3, 8], ""time_ms"": 12351}, {""type"": ""add"", ""point"": [2, 8], ""time_ms"": 13018}, {""type"": ""add"", ""point"": [1, 8], ""time_ms"": 14001}, {""type"": ""add"", ""point"": [0, 8], ""time_ms"": 14984}, {""type"": ""add"", ""point"": [0, 7], ""time_ms"": 15535}, {""type"": ""add"", ""point"": [0, 6], ""time_ms"": 16119}, {""type"": ""add"", ""point"": [0, 5], ""time_ms"": 17567}, {""type"": ""add"", ""point"": [0, 4], ""time_ms"": 18318}, {""type"": ""add"", ""point"": [1, 4], ""time_ms"": 18951}, {""type"": ""add"", ""point"": [0, 4], ""time_ms"": 19687}, {""type"": ""add"", ""point"": [0, 3], ""time_ms"": 20383}, {""type"": ""add"", ""point"": [0, 2], ""time_ms"": 20967}, {""type"": ""add"", ""point"": [0, 1], ""time_ms"": 21500}, {""type"": ""add"", ""point"": [0, 0], ""time_ms"": 22218}, {""type"": ""add"", ""point"": [1, 0], ""time_ms"": 22842}, {""type"": ""add"", ""point"": [2, 0], ""time_ms"": 23466}, {""type"": ""add"", ""point"": [3, 0], ""time_ms"": 24107}, {""type"": ""add"", ""point"": [4, 0], ""time_ms"": 24867}, {""type"": ""add"", ""point"": [5, 0], ""time_ms"": 25701}, {""type"": ""add"", ""point"": [6, 0], ""time_ms"": 26601}, {""type"": ""add"", ""point"": [6, 1], ""time_ms"": 27736}, {""type"": ""add"", ""point"": [7, 1], ""time_ms"": 28318}, {""type"": ""add"", ""point"": [8, 1], ""time_ms"": 28884}, {""type"": ""add"", ""point"": [8, 2], ""time_ms"": 29434}, {""type"": ""add"", ""point"": [8, 3], ""time_ms"": 29984}, {""type"": ""add"", ""point"": [8, 4], ""time_ms"": 30801}, {""type"": ""add"", ""point"": [7, 4], ""time_ms"": 31484}]","{""valid"": true, ""completed"": true, ""steps"": 39, ""task_reward"": 8.104746815750728, ""full_user_reward"": 9.086272753700285, ""partial_user_reward"": 11.347456325147892, ""true_safety_cost"": 2.261183571447605, ""perceived_safety_cost"": 0.0, ""hidden_hazard_entered"": false, ""details"": {""coffee_picked"": true, ""picked_from"": [4, 7], ""entered_true_busy"": true, ""entered_visible_busy"": false}}",33118,,,"{""noticed_environmental_risk"": ""1"", ""information_complete"": ""yes"", ""strategy"": """", ""comments"": """"}"
utkkkkkk,full,"[""office"", ""search_recon""]",2026-07-25T08:30:05.278788+00:00,2026-07-25T08:32:22.519087+00:00,1,1,0,"{""math"": ""23"", ""study_task"": ""route"", ""domain_question"": ""coffee"", ""attention"": ""triangle""}",26608,26608,0,1,search_recon,"[[0, 0], [1, 0], [2, 0], [2, 1], [2, 2], [3, 2], [4, 2], [5, 2], [6, 2], [7, 2], [8, 2], [7, 2], [6, 2], [5, 2], [5, 3], [5, 4], [5, 5], [5, 6], [5, 7], [5, 8], [4, 8], [3, 8], [2, 8], [3, 8], [4, 8], [5, 8], [6, 8], [7, 8], [8, 8], [7, 8], [6, 8], [5, 8], [5, 7], [5, 6], [5, 5], [5, 4], [5, 3], [5, 2], [5, 1], [5, 0], [4, 0], [3, 0], [2, 0], [1, 0], [0, 0]]","[{""type"": ""add"", ""point"": [1, 0], ""time_ms"": 33126}, {""type"": ""add"", ""point"": [2, 0], ""time_ms"": 33660}, {""type"": ""add"", ""point"": [2, 1], ""time_ms"": 34109}, {""type"": ""add"", ""point"": [2, 2], ""time_ms"": 34658}, {""type"": ""add"", ""point"": [3, 2], ""time_ms"": 35476}, {""type"": ""add"", ""point"": [4, 2], ""time_ms"": 35991}, {""type"": ""invalid_click"", ""point"": [6, 2], ""time_ms"": 37009}, {""type"": ""add"", ""point"": [5, 2], ""time_ms"": 37510}, {""type"": ""add"", ""point"": [6, 2], ""time_ms"": 37925}, {""type"": ""add"", ""point"": [7, 2], ""time_ms"": 38559}, {""type"": ""add"", ""point"": [8, 2], ""time_ms"": 39110}, {""type"": ""add"", ""point"": [7, 2], ""time_ms"": 39609}, {""type"": ""add"", ""point"": [6, 2], ""time_ms"": 40809}, {""type"": ""add"", ""point"": [5, 2], ""time_ms"": 41276}, {""type"": ""add"", ""point"": [5, 3], ""time_ms"": 42343}, {""type"": ""add"", ""point"": [5, 4], ""time_ms"": 42859}, {""type"": ""add"", ""point"": [5, 5], ""time_ms"": 43309}, {""type"": ""add"", ""point"": [5, 6], ""time_ms"": 44141}, {""type"": ""add"", ""point"": [5, 7], ""time_ms"": 44775}, {""type"": ""add"", ""point"": [5, 8], ""time_ms"": 45592}, {""type"": ""add"", ""point"": [4, 8], ""time_ms"": 46258}, {""type"": ""add"", ""point"": [3, 8], ""time_ms"": 46826}, {""type"": ""add"", ""point"": [2, 8], ""time_ms"": 47241}, {""type"": ""add"", ""point"": [3, 8], ""time_ms"": 47726}, {""type"": ""add"", ""point"": [4, 8], ""time_ms"": 48376}, {""type"": ""add"", ""point"": [5, 8], ""time_ms"": 49092}, {""type"": ""add"", ""point"": [6, 8], ""time_ms"": 49841}, {""type"": ""add"", ""point"": [7, 8], ""time_ms"": 50476}, {""type"": ""add"", ""point"": [8, 8], ""time_ms"": 50976}, {""type"": ""add"", ""point"": [7, 8], ""time_ms"": 54159}, {""type"": ""add"", ""point"": [6, 8], ""time_ms"": 54726}, {""type"": ""add"", ""point"": [5, 8], ""time_ms"": 55376}, {""type"": ""add"", ""point"": [5, 7], ""time_ms"": 55875}, {""type"": ""add"", ""point"": [5, 6], ""time_ms"": 56360}, {""type"": ""add"", ""point"": [5, 5], ""time_ms"": 56781}, {""type"": ""add"", ""point"": [5, 4], ""time_ms"": 57268}, {""type"": ""add"", ""point"": [5, 3], ""time_ms"": 57725}, {""type"": ""add"", ""point"": [5, 2], ""time_ms"": 58275}, {""type"": ""add"", ""point"": [5, 1], ""time_ms"": 58726}, {""type"": ""add"", ""point"": [5, 0], ""time_ms"": 59175}, {""type"": ""add"", ""point"": [4, 0], ""time_ms"": 59625}, {""type"": ""add"", ""point"": [3, 0], ""time_ms"": 60058}, {""type"": ""add"", ""point"": [2, 0], ""time_ms"": 61141}, {""type"": ""add"", ""point"": [1, 0], ""time_ms"": 61558}, {""type"": ""add"", ""point"": [0, 0], ""time_ms"": 62576}]","{""valid"": true, ""completed"": true, ""steps"": 44, ""task_reward"": 13.238685860803727, ""full_user_reward"": 7.01900276832936, ""partial_user_reward"": 7.01900276832936, ""true_safety_cost"": 0.29746836127648274, ""perceived_safety_cost"": 0.29746836127648274, ""hidden_hazard_entered"": false, ""details"": {""photos"": [""A"", ""B"", ""C"", ""D""], ""photo_count"": 4, ""stuck"": false, ""execution_success"": true, ""route_completed"": true, ""returned_home"": true, ""first_high_step"": null, ""visible_high_hazard_entered"": false}}",63992,,,"{""noticed_environmental_risk"": ""1"", ""information_complete"": ""yes"", ""strategy"": """", ""comments"": """"}"
jkjkl,partial,"[""search_recon"", ""office""]",2026-07-25T08:33:03.855254+00:00,2026-07-25T08:34:34.712657+00:00,1,1,0,"{""math"": ""26"", ""study_task"": ""route"", ""domain_question"": ""photos"", ""attention"": ""triangle""}",18629,18629,0,0,search_recon,"[[0, 0], [1, 0], [2, 0], [2, 1], [2, 2], [3, 2], [4, 2], [5, 2], [6, 2], [7, 2], [8, 2], [7, 2], [6, 2], [5, 2], [5, 3], [5, 4], [5, 5], [6, 5], [7, 5], [8, 5], [9, 5], [10, 5], [10, 6], [10, 7], [10, 8], [10, 9], [10, 10], [9, 10], [8, 10], [8, 9], [8, 8], [7, 8], [6, 8], [5, 8], [4, 8], [3, 8], [2, 8], [2, 9], [2, 10], [1, 10], [0, 10], [0, 9], [0, 8], [0, 7], [0, 6], [0, 5], [0, 4], [0, 3], [0, 2], [0, 1], [0, 0]]","[{""type"": ""add"", ""point"": [1, 0], ""time_ms"": 3976}, {""type"": ""add"", ""point"": [2, 0], ""time_ms"": 4442}, {""type"": ""add"", ""point"": [2, 1], ""time_ms"": 4908}, {""type"": ""add"", ""point"": [2, 2], ""time_ms"": 5375}, {""type"": ""add"", ""point"": [3, 2], ""time_ms"": 6275}, {""type"": ""add"", ""point"": [4, 2], ""time_ms"": 6775}, {""type"": ""add"", ""point"": [5, 2], ""time_ms"": 7325}, {""type"": ""add"", ""point"": [6, 2], ""time_ms"": 7958}, {""type"": ""add"", ""point"": [7, 2], ""time_ms"": 8425}, {""type"": ""add"", ""point"": [8, 2], ""time_ms"": 8882}, {""type"": ""add"", ""point"": [7, 2], ""time_ms"": 9325}, {""type"": ""add"", ""point"": [6, 2], ""time_ms"": 9808}, {""type"": ""add"", ""point"": [5, 2], ""time_ms"": 10908}, {""type"": ""add"", ""point"": [5, 3], ""time_ms"": 11525}, {""type"": ""add"", ""point"": [5, 4], ""time_ms"": 12008}, {""type"": ""add"", ""point"": [5, 5], ""time_ms"": 12475}, {""type"": ""add"", ""point"": [6, 5], ""time_ms"": 15575}, {""type"": ""add"", ""point"": [7, 5], ""time_ms"": 16043}, {""type"": ""add"", ""point"": [8, 5], ""time_ms"": 16459}, {""type"": ""add"", ""point"": [9, 5], ""time_ms"": 16908}, {""type"": ""add"", ""point"": [10, 5], ""time_ms"": 17342}, {""type"": ""add"", ""point"": [10, 6], ""time_ms"": 17775}, {""type"": ""add"", ""point"": [10, 7], ""time_ms"": 18192}, {""type"": ""add"", ""point"": [10, 8], ""time_ms"": 18625}, {""type"": ""add"", ""point"": [10, 9], ""time_ms"": 19011}, {""type"": ""add"", ""point"": [10, 10], ""time_ms"": 19409}, {""type"": ""add"", ""point"": [9, 10], ""time_ms"": 19860}, {""type"": ""add"", ""point"": [8, 10], ""time_ms"": 20275}, {""type"": ""add"", ""point"": [8, 9], ""time_ms"": 20701}, {""type"": ""add"", ""point"": [8, 8], ""time_ms"": 21428}, {""type"": ""add"", ""point"": [7, 8], ""time_ms"": 21809}, {""type"": ""add"", ""point"": [6, 8], ""time_ms"": 22225}, {""type"": ""add"", ""point"": [5, 8], ""time_ms"": 22625}, {""type"": ""add"", ""point"": [4, 8], ""time_ms"": 23509}, {""type"": ""add"", ""point"": [3, 8], ""time_ms"": 23992}, {""type"": ""add"", ""point"": [2, 8], ""time_ms"": 24476}, {""type"": ""add"", ""point"": [2, 9], ""time_ms"": 24843}, {""type"": ""add"", ""point"": [2, 10], ""time_ms"": 25503}, {""type"": ""add"", ""point"": [1, 10], ""time_ms"": 25871}, {""type"": ""add"", ""point"": [0, 10], ""time_ms"": 27729}, {""type"": ""add"", ""point"": [0, 9], ""time_ms"": 28719}, {""type"": ""add"", ""point"": [0, 8], ""time_ms"": 29150}, {""type"": ""add"", ""point"": [0, 7], ""time_ms"": 29638}, {""type"": ""add"", ""point"": [0, 6], ""time_ms"": 30097}, {""type"": ""add"", ""point"": [0, 5], ""time_ms"": 30611}, {""type"": ""add"", ""point"": [0, 4], ""time_ms"": 31082}, {""type"": ""add"", ""point"": [0, 3], ""time_ms"": 31513}, {""type"": ""add"", ""point"": [0, 2], ""time_ms"": 31957}, {""type"": ""add"", ""point"": [0, 1], ""time_ms"": 32302}, {""type"": ""add"", ""point"": [0, 0], ""time_ms"": 32781}]","{""valid"": true, ""completed"": true, ""steps"": 50, ""task_reward"": 11.734035408436533, ""full_user_reward"": 6.487922514233453, ""partial_user_reward"": 6.487922514233453, ""true_safety_cost"": 0.09145740847395852, ""perceived_safety_cost"": 0.09145740847395852, ""hidden_hazard_entered"": false, ""details"": {""photos"": [""A"", ""B"", ""C"", ""D""], ""photo_count"": 4, ""stuck"": false, ""execution_success"": true, ""route_completed"": true, ""returned_home"": true, ""first_high_step"": null, ""visible_high_hazard_entered"": false}}",33982,,,"{""noticed_environmental_risk"": ""1"", ""information_complete"": ""yes"", ""strategy"": """", ""comments"": """"}"
jkjkl,partial,"[""search_recon"", ""office""]",2026-07-25T08:33:03.855254+00:00,2026-07-25T08:34:34.712657+00:00,1,1,0,"{""math"": ""26"", ""study_task"": ""route"", ""domain_question"": ""photos"", ""attention"": ""triangle""}",18629,18629,0,1,office,"[[8, 4], [7, 4], [7, 5], [8, 5], [8, 6], [8, 7], [7, 7], [6, 7], [6, 8], [5, 8], [4, 8], [4, 7], [4, 8], [5, 8], [6, 8], [6, 7], [7, 7], [8, 7], [8, 6], [8, 5], [7, 5], [7, 4]]","[{""type"": ""add"", ""point"": [7, 4], ""time_ms"": 8841}, {""type"": ""add"", ""point"": [7, 5], ""time_ms"": 9690}, {""type"": ""add"", ""point"": [8, 5], ""time_ms"": 10123}, {""type"": ""add"", ""point"": [8, 6], ""time_ms"": 10573}, {""type"": ""add"", ""point"": [8, 7], ""time_ms"": 11090}, {""type"": ""add"", ""point"": [7, 7], ""time_ms"": 11656}, {""type"": ""add"", ""point"": [6, 7], ""time_ms"": 12140}, {""type"": ""add"", ""point"": [6, 8], ""time_ms"": 12622}, {""type"": ""add"", ""point"": [5, 8], ""time_ms"": 13090}, {""type"": ""add"", ""point"": [4, 8], ""time_ms"": 13707}, {""type"": ""add"", ""point"": [4, 7], ""time_ms"": 14124}, {""type"": ""add"", ""point"": [4, 8], ""time_ms"": 14757}, {""type"": ""add"", ""point"": [5, 8], ""time_ms"": 15189}, {""type"": ""add"", ""point"": [6, 8], ""time_ms"": 15673}, {""type"": ""add"", ""point"": [6, 7], ""time_ms"": 16189}, {""type"": ""add"", ""point"": [7, 7], ""time_ms"": 16655}, {""type"": ""add"", ""point"": [8, 7], ""time_ms"": 17339}, {""type"": ""add"", ""point"": [8, 6], ""time_ms"": 17772}, {""type"": ""add"", ""point"": [8, 5], ""time_ms"": 18373}, {""type"": ""add"", ""point"": [7, 5], ""time_ms"": 18973}, {""type"": ""add"", ""point"": [7, 4], ""time_ms"": 19522}]","{""valid"": true, ""completed"": true, ""steps"": 21, ""task_reward"": 10.798258433228916, ""full_user_reward"": 10.439796179568722, ""partial_user_reward"": 12.700979751016327, ""true_safety_cost"": 2.261183571447605, ""perceived_safety_cost"": 0.0, ""hidden_hazard_entered"": false, ""details"": {""coffee_picked"": true, ""picked_from"": [4, 7], ""entered_true_busy"": true, ""entered_visible_busy"": false}}",20972,,,"{""noticed_environmental_risk"": ""1"", ""information_complete"": ""yes"", ""strategy"": """", ""comments"": """"}"
fghjk,partial,"[""search_recon"", ""office""]",2026-07-25T08:34:46.368096+00:00,,0,0,0,,,,0,,,,,,,,,
test1,full,"[""search_recon"", ""office""]",2026-07-25T16:16:35.780815+00:00,2026-07-25T20:13:43.715781+00:00,1,1,0,"{""math"": ""35"", ""study_task"": ""route"", ""domain_question"": ""photos"", ""attention"": ""triangle""}",14034,14034,0,0,search_recon,"[[0, 0], [1, 0], [2, 0], [2, 1], [2, 2], [3, 2], [4, 2], [5, 2], [6, 2], [7, 2], [8, 2], [8, 1], [8, 0], [7, 0], [6, 0], [5, 0], [5, 1], [5, 2], [5, 3], [5, 4], [5, 5], [5, 6], [5, 7], [5, 8], [6, 8], [7, 8], [8, 8], [7, 8], [6, 8], [5, 8], [4, 8], [3, 8], [2, 8], [2, 9], [2, 10], [1, 10], [0, 10], [0, 9], [0, 8], [0, 7], [0, 6], [0, 5], [0, 4], [0, 3], [0, 2], [0, 1], [0, 0]]","[{""type"": ""add"", ""point"": [1, 0], ""time_ms"": 23973}, {""type"": ""add"", ""point"": [2, 0], ""time_ms"": 25172}, {""type"": ""add"", ""point"": [2, 1], ""time_ms"": 25704}, {""type"": ""add"", ""point"": [2, 2], ""time_ms"": 26447}, {""type"": ""add"", ""point"": [3, 2], ""time_ms"": 29297}, {""type"": ""add"", ""point"": [4, 2], ""time_ms"": 34821}, {""type"": ""add"", ""point"": [5, 2], ""time_ms"": 35287}, {""type"": ""add"", ""point"": [6, 2], ""time_ms"": 35737}, {""type"": ""add"", ""point"": [7, 2], ""time_ms"": 36156}, {""type"": ""add"", ""point"": [8, 2], ""time_ms"": 36588}, {""type"": ""add"", ""point"": [8, 1], ""time_ms"": 37022}, {""type"": ""add"", ""point"": [8, 0], ""time_ms"": 37513}, {""type"": ""add"", ""point"": [7, 0], ""time_ms"": 39180}, {""type"": ""add"", ""point"": [6, 0], ""time_ms"": 39696}, {""type"": ""add"", ""point"": [5, 0], ""time_ms"": 40162}, {""type"": ""add"", ""point"": [5, 1], ""time_ms"": 40578}, {""type"": ""add"", ""point"": [5, 2], ""time_ms"": 41030}, {""type"": ""add"", ""point"": [5, 3], ""time_ms"": 41472}, {""type"": ""add"", ""point"": [5, 4], ""time_ms"": 41897}, {""type"": ""add"", ""point"": [5, 5], ""time_ms"": 42383}, {""type"": ""add"", ""point"": [5, 6], ""time_ms"": 42822}, {""type"": ""add"", ""point"": [5, 7], ""time_ms"": 43662}, {""type"": ""add"", ""point"": [5, 8], ""time_ms"": 44111}, {""type"": ""invalid_click"", ""point"": [7, 8], ""time_ms"": 44612}, {""type"": ""add"", ""point"": [6, 8], ""time_ms"": 45088}, {""type"": ""add"", ""point"": [7, 8], ""time_ms"": 45530}, {""type"": ""add"", ""point"": [8, 8], ""time_ms"": 45976}, {""type"": ""add"", ""point"": [7, 8], ""time_ms"": 46913}, {""type"": ""add"", ""point"": [6, 8], ""time_ms"": 47355}, {""type"": ""add"", ""point"": [5, 8], ""time_ms"": 48530}, {""type"": ""add"", ""point"": [4, 8], ""time_ms"": 49068}, {""type"": ""add"", ""point"": [3, 8], ""time_ms"": 49517}, {""type"": ""add"", ""point"": [2, 8], ""time_ms"": 50005}, {""type"": ""add"", ""point"": [2, 9], ""time_ms"": 50446}, {""type"": ""add"", ""point"": [2, 10], ""time_ms"": 53849}, {""type"": ""add"", ""point"": [1, 10], ""time_ms"": 54309}, {""type"": ""add"", ""point"": [0, 10], ""time_ms"": 54808}, {""type"": ""add"", ""point"": [0, 9], ""time_ms"": 55251}, {""type"": ""add"", ""point"": [0, 8], ""time_ms"": 55709}, {""type"": ""add"", ""point"": [0, 7], ""time_ms"": 56168}, {""type"": ""add"", ""point"": [0, 6], ""time_ms"": 56592}, {""type"": ""add"", ""point"": [0, 5], ""time_ms"": 57011}, {""type"": ""add"", ""point"": [0, 4], ""time_ms"": 57451}, {""type"": ""add"", ""point"": [0, 3], ""time_ms"": 57883}, {""type"": ""add"", ""point"": [0, 2], ""time_ms"": 58327}, {""type"": ""add"", ""point"": [0, 1], ""time_ms"": 58725}, {""type"": ""add"", ""point"": [0, 0], ""time_ms"": 59108}]","{""valid"": true, ""completed"": true, ""steps"": 46, ""task_reward"": 12.3462782782826, ""full_user_reward"": 6.881359411828601, ""partial_user_reward"": 6.881359411828601, ""true_safety_cost"": 0.487673065237769, ""perceived_safety_cost"": 0.487673065237769, ""hidden_hazard_entered"": false, ""details"": {""photos"": [""A"", ""B"", ""C"", ""D""], ""photo_count"": 4, ""stuck"": false, ""execution_success"": true, ""route_completed"": true, ""returned_home"": true, ""first_high_step"": null, ""visible_high_hazard_entered"": false}}",97578,,,"{""noticed_environmental_risk"": ""4"", ""information_complete"": ""unsure"", ""strategy"": """", ""comments"": """"}"
test1,full,"[""search_recon"", ""office""]",2026-07-25T16:16:35.780815+00:00,2026-07-25T20:13:43.715781+00:00,1,1,0,"{""math"": ""35"", ""study_task"": ""route"", ""domain_question"": ""photos"", ""attention"": ""triangle""}",14034,14034,0,1,office,"[[8, 4], [7, 4], [6, 4], [5, 4], [4, 4], [3, 4], [2, 4], [1, 4], [2, 4], [3, 4], [4, 4], [5, 4], [6, 4], [7, 4], [8, 4], [7, 4]]","[{""type"": ""add"", ""point"": [7, 4], ""time_ms"": 16559}, {""type"": ""add"", ""point"": [6, 4], ""time_ms"": 17875}, {""type"": ""add"", ""point"": [5, 4], ""time_ms"": 18487}, {""type"": ""add"", ""point"": [4, 4], ""time_ms"": 19016}, {""type"": ""add"", ""point"": [3, 4], ""time_ms"": 19839}, {""type"": ""add"", ""point"": [2, 4], ""time_ms"": 20833}, {""type"": ""add"", ""point"": [1, 4], ""time_ms"": 21299}, {""type"": ""add"", ""point"": [2, 4], ""time_ms"": 21708}, {""type"": ""add"", ""point"": [3, 4], ""time_ms"": 22147}, {""type"": ""add"", ""point"": [4, 4], ""time_ms"": 22628}, {""type"": ""add"", ""point"": [5, 4], ""time_ms"": 23124}, {""type"": ""add"", ""point"": [6, 4], ""time_ms"": 23832}, {""type"": ""add"", ""point"": [7, 4], ""time_ms"": 24273}, {""type"": ""add"", ""point"": [8, 4], ""time_ms"": 24717}, {""type"": ""add"", ""point"": [7, 4], ""time_ms"": 25623}]","{""valid"": true, ""completed"": true, ""steps"": 15, ""task_reward"": 20.859291138268958, ""full_user_reward"": 14.725487331390891, ""partial_user_reward"": 14.725487331390891, ""true_safety_cost"": 2.8258195134601825, ""perceived_safety_cost"": 2.8258195134601825, ""hidden_hazard_entered"": false, ""details"": {""coffee_picked"": true, ""picked_from"": [1, 4], ""entered_true_busy"": true, ""entered_visible_busy"": true}}",29198,,,"{""noticed_environmental_risk"": ""4"", ""information_complete"": ""unsure"", ""strategy"": """", ""comments"": """"}"
rtyuiop,full,"[""search_recon"", ""office""]",2026-07-25T17:41:04.519878+00:00,2026-07-25T20:08:40.197373+00:00,1,1,0,"{""math"": ""13"", ""study_task"": ""route"", ""domain_question"": ""photos"", ""attention"": ""triangle""}",14421,14421,0,0,search_recon,"[[0, 0], [0, 1], [0, 0], [1, 0], [2, 0], [2, 1], [2, 2], [3, 2], [4, 2], [5, 2], [6, 2], [7, 2], [8, 2], [8, 1], [8, 0], [9, 0], [8, 0], [8, 1], [8, 2], [7, 2], [6, 2], [5, 2], [5, 3], [5, 4], [5, 5], [5, 6], [5, 7], [5, 8], [4, 8], [3, 8], [2, 8], [3, 8], [4, 8], [5, 8], [6, 8], [7, 8], [8, 8], [7, 8], [6, 8], [5, 8], [5, 7], [5, 6], [5, 5], [5, 4], [5, 3], [5, 2], [4, 2], [3, 2], [2, 2], [2, 1], [2, 0], [1, 0], [0, 0]]","[{""type"": ""add"", ""point"": [0, 1], ""time_ms"": 34057}, {""type"": ""add"", ""point"": [0, 0], ""time_ms"": 35237}, {""type"": ""add"", ""point"": [1, 0], ""time_ms"": 35603}, {""type"": ""add"", ""point"": [2, 0], ""time_ms"": 36037}, {""type"": ""invalid_click"", ""point"": [2, 2], ""time_ms"": 36420}, {""type"": ""add"", ""point"": [2, 1], ""time_ms"": 37003}, {""type"": ""add"", ""point"": [2, 2], ""time_ms"": 37354}, {""type"": ""add"", ""point"": [3, 2], ""time_ms"": 37921}, {""type"": ""add"", ""point"": [4, 2], ""time_ms"": 38987}, {""type"": ""add"", ""point"": [5, 2], ""time_ms"": 39387}, {""type"": ""add"", ""point"": [6, 2], ""time_ms"": 39787}, {""type"": ""invalid_click"", ""point"": [8, 2], ""time_ms"": 40853}, {""type"": ""invalid_click"", ""point"": [8, 2], ""time_ms"": 42052}, {""type"": ""add"", ""point"": [7, 2], ""time_ms"": 42453}, {""type"": ""add"", ""point"": [8, 2], ""time_ms"": 42821}, {""type"": ""add"", ""point"": [8, 1], ""time_ms"": 43220}, {""type"": ""add"", ""point"": [8, 0], ""time_ms"": 43838}, {""type"": ""add"", ""point"": [9, 0], ""time_ms"": 44286}, {""type"": ""add"", ""point"": [8, 0], ""time_ms"": 47404}, {""type"": ""add"", ""point"": [8, 1], ""time_ms"": 47953}, {""type"": ""add"", ""point"": [8, 2], ""time_ms"": 48388}, {""type"": ""add"", ""point"": [7, 2], ""time_ms"": 48854}, {""type"": ""add"", ""point"": [6, 2], ""time_ms"": 49288}, {""type"": ""add"", ""point"": [5, 2], ""time_ms"": 49770}, {""type"": ""add"", ""point"": [5, 3], ""time_ms"": 50204}, {""type"": ""add"", ""point"": [5, 4], ""time_ms"": 50654}, {""type"": ""add"", ""point"": [5, 5], ""time_ms"": 51061}, {""type"": ""add"", ""point"": [5, 6], ""time_ms"": 51569}, {""type"": ""add"", ""point"": [5, 7], ""time_ms"": 52103}, {""type"": ""add"", ""point"": [5, 8], ""time_ms"": 52586}, {""type"": ""add"", ""point"": [4, 8], ""time_ms"": 53002}, {""type"": ""add"", ""point"": [3, 8], ""time_ms"": 53571}, {""type"": ""add"", ""point"": [2, 8], ""time_ms"": 53936}, {""type"": ""add"", ""point"": [3, 8], ""time_ms"": 54670}, {""type"": ""add"", ""point"": [4, 8], ""time_ms"": 55053}, {""type"": ""add"", ""point"": [5, 8], ""time_ms"": 55571}, {""type"": ""add"", ""point"": [6, 8], ""time_ms"": 56020}, {""type"": ""invalid_click"", ""point"": [8, 8], ""time_ms"": 56521}, {""type"": ""add"", ""point"": [7, 8], ""time_ms"": 57103}, {""type"": ""add"", ""point"": [8, 8], ""time_ms"": 57538}, {""type"": ""add"", ""point"": [7, 8], ""time_ms"": 61871}, {""type"": ""add"", ""point"": [6, 8], ""time_ms"": 62304}, {""type"": ""add"", ""point"": [5, 8], ""time_ms"": 62721}, {""type"": ""add"", ""point"": [5, 7], ""time_ms"": 63221}, {""type"": ""add"", ""point"": [5, 6], ""time_ms"": 63687}, {""type"": ""add"", ""point"": [5, 5], ""time_ms"": 64121}, {""type"": ""add"", ""point"": [5, 4], ""time_ms"": 64521}, {""type"": ""add"", ""point"": [5, 3], ""time_ms"": 64955}, {""type"": ""add"", ""point"": [5, 2], ""time_ms"": 65355}, {""type"": ""invalid_click"", ""point"": [3, 2], ""time_ms"": 65771}, {""type"": ""add"", ""point"": [4, 2], ""time_ms"": 66405}, {""type"": ""add"", ""point"": [3, 2], ""time_ms"": 66821}, {""type"": ""add"", ""point"": [2, 2], ""time_ms"": 67453}, {""type"": ""add"", ""point"": [2, 1], ""time_ms"": 67904}, {""type"": ""add"", ""point"": [2, 0], ""time_ms"": 68354}, {""type"": ""add"", ""point"": [1, 0], ""time_ms"": 68788}, {""type"": ""add"", ""point"": [0, 0], ""time_ms"": 69205}]","{""valid"": true, ""completed"": true, ""steps"": 52, ""task_reward"": 10.707797368859978, ""full_user_reward"": 3.7974095851558536, ""partial_user_reward"": 3.7974095851558536, ""true_safety_cost"": 0.6255676571306938, ""perceived_safety_cost"": 0.6255676571306938, ""hidden_hazard_entered"": false, ""details"": {""photos"": [""A"", ""B"", ""C"", ""D""], ""photo_count"": 4, ""stuck"": false, ""execution_success"": true, ""route_completed"": true, ""returned_home"": true, ""first_high_step"": null, ""visible_high_hazard_entered"": false}}",70939,,,"{""noticed_environmental_risk"": ""1"", ""information_complete"": ""yes"", ""strategy"": """", ""comments"": """"}"
rtyuiop,full,"[""search_recon"", ""office""]",2026-07-25T17:41:04.519878+00:00,2026-07-25T20:08:40.197373+00:00,1,1,0,"{""math"": ""13"", ""study_task"": ""route"", ""domain_question"": ""photos"", ""attention"": ""triangle""}",14421,14421,0,1,office,"[[8, 4], [7, 4], [8, 4], [8, 5], [8, 6], [8, 7], [7, 7], [7, 8], [6, 8], [5, 8], [4, 8], [4, 7], [4, 8], [5, 8], [6, 8], [7, 8], [7, 7], [8, 7], [8, 6], [8, 5], [8, 4], [7, 4]]","[{""type"": ""add"", ""point"": [7, 4], ""time_ms"": 20542}, {""type"": ""add"", ""point"": [8, 4], ""time_ms"": 21135}, {""type"": ""add"", ""point"": [8, 5], ""time_ms"": 21621}, {""type"": ""add"", ""point"": [8, 6], ""time_ms"": 22069}, {""type"": ""add"", ""point"": [8, 7], ""time_ms"": 22435}, {""type"": ""add"", ""point"": [7, 7], ""time_ms"": 22885}, {""type"": ""add"", ""point"": [7, 8], ""time_ms"": 23752}, {""type"": ""add"", ""point"": [6, 8], ""time_ms"": 24136}, {""type"": ""invalid_click"", ""point"": [4, 8], ""time_ms"": 24719}, {""type"": ""add"", ""point"": [5, 8], ""time_ms"": 25402}, {""type"": ""add"", ""point"": [4, 8], ""time_ms"": 25738}, {""type"": ""add"", ""point"": [4, 7], ""time_ms"": 26070}, {""type"": ""add"", ""point"": [4, 8], ""time_ms"": 26937}, {""type"": ""add"", ""point"": [5, 8], ""time_ms"": 27303}, {""type"": ""add"", ""point"": [6, 8], ""time_ms"": 27736}, {""type"": ""add"", ""point"": [7, 8], ""time_ms"": 28252}, {""type"": ""add"", ""point"": [7, 7], ""time_ms"": 28645}, {""type"": ""add"", ""point"": [8, 7], ""time_ms"": 29030}, {""type"": ""add"", ""point"": [8, 6], ""time_ms"": 29404}, {""type"": ""add"", ""point"": [8, 5], ""time_ms"": 29802}, {""type"": ""add"", ""point"": [8, 4], ""time_ms"": 30186}, {""type"": ""add"", ""point"": [7, 4], ""time_ms"": 30553}]","{""valid"": true, ""completed"": true, ""steps"": 21, ""task_reward"": 10.798258433228916, ""full_user_reward"": 10.439796179568722, ""partial_user_reward"": 12.700979751016327, ""true_safety_cost"": 2.261183571447605, ""perceived_safety_cost"": 0.0, ""hidden_hazard_entered"": false, ""details"": {""coffee_picked"": true, ""picked_from"": [4, 7], ""entered_true_busy"": true, ""entered_visible_busy"": false}}",31554,,,"{""noticed_environmental_risk"": ""1"", ""information_complete"": ""yes"", ""strategy"": """", ""comments"": """"}"
so,full,"[""search_recon"", ""office""]",2026-07-25T20:11:25.324418+00:00,,1,1,0,"{""math"": ""20"", ""study_task"": ""route"", ""domain_question"": ""photos"", ""attention"": ""triangle""}",10359,10359,0,0,search_recon,"[[0, 0], [1, 0], [2, 0], [2, 1], [2, 2], [3, 2], [4, 2], [5, 2], [6, 2], [7, 2], [8, 2], [7, 2], [6, 2], [5, 2], [5, 3], [5, 4], [5, 5], [5, 6], [5, 7], [5, 8], [5, 9], [5, 8], [6, 8], [7, 8], [8, 8], [7, 8], [6, 8], [5, 8], [4, 8], [3, 8], [2, 8], [2, 9], [2, 10], [1, 10], [2, 10], [1, 10], [0, 10], [0, 9], [0, 8], [0, 7], [0, 6], [0, 5], [0, 4], [0, 3], [0, 2], [0, 1], [0, 0]]","[{""type"": ""add"", ""point"": [1, 0], ""time_ms"": 10146}, {""type"": ""add"", ""point"": [2, 0], ""time_ms"": 10846}, {""type"": ""add"", ""point"": [2, 1], ""time_ms"": 11331}, {""type"": ""add"", ""point"": [2, 2], ""time_ms"": 11798}, {""type"": ""add"", ""point"": [3, 2], ""time_ms"": 12354}, {""type"": ""add"", ""point"": [4, 2], ""time_ms"": 12852}, {""type"": ""add"", ""point"": [5, 2], ""time_ms"": 13271}, {""type"": ""add"", ""point"": [6, 2], ""time_ms"": 14883}, {""type"": ""add"", ""point"": [7, 2], ""time_ms"": 15915}, {""type"": ""add"", ""point"": [8, 2], ""time_ms"": 16814}, {""type"": ""add"", ""point"": [7, 2], ""time_ms"": 17981}, {""type"": ""add"", ""point"": [6, 2], ""time_ms"": 18699}, {""type"": ""add"", ""point"": [5, 2], ""time_ms"": 20954}, {""type"": ""add"", ""point"": [5, 3], ""time_ms"": 21856}, {""type"": ""add"", ""point"": [5, 4], ""time_ms"": 22692}, {""type"": ""add"", ""point"": [5, 5], ""time_ms"": 23447}, {""type"": ""add"", ""point"": [5, 6], ""time_ms"": 25168}, {""type"": ""add"", ""point"": [5, 7], ""time_ms"": 26678}, {""type"": ""add"", ""point"": [5, 8], ""time_ms"": 27246}, {""type"": ""add"", ""point"": [5, 9], ""time_ms"": 27753}, {""type"": ""add"", ""point"": [5, 8], ""time_ms"": 29102}, {""type"": ""add"", ""point"": [6, 8], ""time_ms"": 29675}, {""type"": ""add"", ""point"": [7, 8], ""time_ms"": 30201}, {""type"": ""add"", ""point"": [8, 8], ""time_ms"": 30657}, {""type"": ""add"", ""point"": [7, 8], ""time_ms"": 31103}, {""type"": ""add"", ""point"": [6, 8], ""time_ms"": 31538}, {""type"": ""add"", ""point"": [5, 8], ""time_ms"": 31930}, {""type"": ""add"", ""point"": [4, 8], ""time_ms"": 33329}, {""type"": ""add"", ""point"": [3, 8], ""time_ms"": 34163}, {""type"": ""add"", ""point"": [2, 8], ""time_ms"": 34897}, {""type"": ""add"", ""point"": [2, 9], ""time_ms"": 35581}, {""type"": ""add"", ""point"": [2, 10], ""time_ms"": 36181}, {""type"": ""add"", ""point"": [1, 10], ""time_ms"": 36824}, {""type"": ""add"", ""point"": [2, 10], ""time_ms"": 37943}, {""type"": ""add"", ""point"": [1, 10], ""time_ms"": 38852}, {""type"": ""add"", ""point"": [0, 10], ""time_ms"": 39458}, {""type"": ""add"", ""point"": [0, 9], ""time_ms"": 42911}, {""type"": ""add"", ""point"": [0, 8], ""time_ms"": 43649}, {""type"": ""add"", ""point"": [0, 7], ""time_ms"": 44548}, {""type"": ""add"", ""point"": [0, 6], ""time_ms"": 46586}, {""type"": ""add"", ""point"": [0, 5], ""time_ms"": 47091}, {""type"": ""add"", ""point"": [0, 4], ""time_ms"": 48798}, {""type"": ""add"", ""point"": [0, 3], ""time_ms"": 49594}, {""type"": ""add"", ""point"": [0, 2], ""time_ms"": 51165}, {""type"": ""add"", ""point"": [0, 1], ""time_ms"": 51945}, {""type"": ""add"", ""point"": [0, 0], ""time_ms"": 52785}]","{""valid"": true, ""completed"": true, ""steps"": 46, ""task_reward"": 12.748492249625963, ""full_user_reward"": 6.8695781914180785, ""partial_user_reward"": 6.8695781914180785, ""true_safety_cost"": 0.2875836203300721, ""perceived_safety_cost"": 0.2875836203300721, ""hidden_hazard_entered"": false, ""details"": {""photos"": [""A"", ""B"", ""C"", ""D""], ""photo_count"": 4, ""stuck"": false, ""execution_success"": true, ""route_completed"": true, ""returned_home"": true, ""first_high_step"": null, ""visible_high_hazard_entered"": false}}",58996,,,
6789,full,"[""office"", ""search_recon""]",2026-07-25T20:13:02.603199+00:00,,0,0,0,,,,0,0,office,"[[8, 4], [7, 4], [7, 5], [8, 5], [8, 6], [8, 7], [7, 7], [7, 8], [6, 8], [5, 8], [4, 8], [4, 7], [4, 8], [5, 8], [6, 8], [7, 8], [7, 7], [8, 7], [8, 6], [8, 5], [7, 5], [7, 4]]","[{""type"": ""add"", ""point"": [7, 4], ""time_ms"": 3697}, {""type"": ""add"", ""point"": [7, 5], ""time_ms"": 4319}, {""type"": ""add"", ""point"": [8, 5], ""time_ms"": 4873}, {""type"": ""add"", ""point"": [8, 6], ""time_ms"": 5439}, {""type"": ""add"", ""point"": [8, 7], ""time_ms"": 6125}, {""type"": ""add"", ""point"": [7, 7], ""time_ms"": 6656}, {""type"": ""add"", ""point"": [7, 8], ""time_ms"": 7139}, {""type"": ""add"", ""point"": [6, 8], ""time_ms"": 7673}, {""type"": ""add"", ""point"": [5, 8], ""time_ms"": 8259}, {""type"": ""add"", ""point"": [4, 8], ""time_ms"": 9023}, {""type"": ""add"", ""point"": [4, 7], ""time_ms"": 9558}, {""type"": ""add"", ""point"": [4, 8], ""time_ms"": 10274}, {""type"": ""add"", ""point"": [5, 8], ""time_ms"": 11490}, {""type"": ""add"", ""point"": [6, 8], ""time_ms"": 12107}, {""type"": ""add"", ""point"": [7, 8], ""time_ms"": 12690}, {""type"": ""add"", ""point"": [7, 7], ""time_ms"": 13289}, {""type"": ""add"", ""point"": [8, 7], ""time_ms"": 13906}, {""type"": ""add"", ""point"": [8, 6], ""time_ms"": 14474}, {""type"": ""add"", ""point"": [8, 5], ""time_ms"": 15056}, {""type"": ""add"", ""point"": [7, 5], ""time_ms"": 15907}, {""type"": ""add"", ""point"": [7, 4], ""time_ms"": 16563}]","{""valid"": true, ""completed"": true, ""steps"": 21, ""task_reward"": 10.798258433228916, ""full_user_reward"": 10.439796179568722, ""partial_user_reward"": 12.700979751016327, ""true_safety_cost"": 2.261183571447605, ""perceived_safety_cost"": 0.0, ""hidden_hazard_entered"": false, ""details"": {""coffee_picked"": true, ""picked_from"": [4, 7], ""entered_true_busy"": true, ""entered_visible_busy"": false}}",17806,,,
PA4C17F24,full,"[""search_recon"", ""office""]",2026-07-25T21:11:06.804904+00:00,,0,0,0,,,,0,,,,,,,,,
PAFE1B386,full,"[""office"", ""search_recon""]",2026-07-25T21:19:53.719508+00:00,2026-07-25T21:21:05.266443+00:00,0,1,0,"{""math"": ""1"", ""study_task"": ""route"", ""domain_question"": ""coffee"", ""attention"": ""triangle""}",36604,36604,0,,,,,,,,,
PC8787AEE,full,"[""search_recon"", ""office""]",2026-07-25T21:22:41.438267+00:00,,0,0,0,,,,0,,,,,,,,,
P484F966F,partial,"[""office"", ""search_recon""]",2026-07-25T21:23:58.658959+00:00,,1,1,0,"{""math"": ""38"", ""study_task"": ""route"", ""domain_question"": ""coffee"", ""attention"": ""triangle""}",16379,16379,0,0,office,"[[8, 4], [7, 4], [6, 4], [5, 4], [4, 4], [3, 4], [2, 4], [1, 4], [2, 4], [3, 4], [4, 4], [5, 4], [6, 4], [7, 4]]","[{""type"": ""add"", ""point"": [7, 4], ""time_ms"": 3125}, {""type"": ""add"", ""point"": [6, 4], ""time_ms"": 3592}, {""type"": ""add"", ""point"": [5, 4], ""time_ms"": 4125}, {""type"": ""add"", ""point"": [4, 4], ""time_ms"": 4659}, {""type"": ""add"", ""point"": [3, 4], ""time_ms"": 5158}, {""type"": ""add"", ""point"": [2, 4], ""time_ms"": 5658}, {""type"": ""add"", ""point"": [1, 4], ""time_ms"": 6159}, {""type"": ""add"", ""point"": [2, 4], ""time_ms"": 7057}, {""type"": ""add"", ""point"": [3, 4], ""time_ms"": 7593}, {""type"": ""add"", ""point"": [4, 4], ""time_ms"": 8026}, {""type"": ""add"", ""point"": [5, 4], ""time_ms"": 8477}, {""type"": ""add"", ""point"": [6, 4], ""time_ms"": 8941}, {""type"": ""add"", ""point"": [7, 4], ""time_ms"": 9359}]","{""valid"": true, ""completed"": true, ""steps"": 13, ""task_reward"": 12.346459694155971, ""full_user_reward"": 6.038029203701109, ""partial_user_reward"": 6.038029203701109, ""true_safety_cost"": 2.8258195134601825, ""perceived_safety_cost"": 2.8258195134601825, ""hidden_hazard_entered"": false, ""details"": {""coffee_picked"": true, ""picked_from"": [1, 4], ""entered_true_busy"": true, ""entered_visible_busy"": true}}",11470,,,
ghjk,partial,"[""office"", ""search_recon""]",2026-07-25T22:17:47.077338+00:00,2026-07-25T22:22:06.270815+00:00,0,1,0,"{""math"": ""89"", ""study_task"": ""story"", ""domain_question"": ""books"", ""attention"": ""circle""}",80448,80448,0,,,,,,,,,
dfghj,partial,"[""search_recon"", ""office""]",2026-07-25T22:23:45.211074+00:00,,0,0,0,,,,0,,,,,,,,,
tyui,partial,"[""search_recon"", ""office""]",2026-07-25T22:39:04.413144+00:00,2026-07-25T22:44:33.571723+00:00,1,1,0,"{""math"": ""25"", ""study_task"": ""route"", ""domain_question"": ""photos"", ""attention"": ""triangle""}",13777,13777,0,0,search_recon,"[[0, 0], [0, 1], [0, 2], [0, 3], [0, 4], [0, 5], [0, 6], [0, 7], [0, 8], [0, 9], [0, 10], [1, 10], [2, 10], [2, 9], [2, 8], [3, 8], [4, 8], [5, 8], [5, 7], [5, 6], [5, 5], [5, 6], [5, 7], [5, 8], [6, 8], [7, 8], [8, 8], [8, 9], [8, 10], [9, 10], [10, 10], [10, 9], [10, 8], [10, 7], [10, 6], [10, 5], [10, 4], [10, 3], [10, 2], [10, 1], [10, 0], [9, 0], [8, 0], [8, 1], [8, 2], [7, 2], [6, 2], [5, 2], [4, 2], [3, 2], [2, 2], [2, 1], [2, 0], [1, 0], [0, 0]]","[{""type"": ""add"", ""point"": [0, 1], ""time_ms"": 8648}, {""type"": ""add"", ""point"": [0, 2], ""time_ms"": 11161}, {""type"": ""add"", ""point"": [0, 3], ""time_ms"": 12277}, {""type"": ""add"", ""point"": [0, 4], ""time_ms"": 12845}, {""type"": ""add"", ""point"": [0, 5], ""time_ms"": 13493}, {""type"": ""add"", ""point"": [0, 6], ""time_ms"": 17194}, {""type"": ""add"", ""point"": [0, 7], ""time_ms"": 17727}, {""type"": ""add"", ""point"": [0, 8], ""time_ms"": 18227}, {""type"": ""add"", ""point"": [0, 9], ""time_ms"": 18728}, {""type"": ""add"", ""point"": [0, 10], ""time_ms"": 19246}, {""type"": ""add"", ""point"": [1, 10], ""time_ms"": 19828}, {""type"": ""add"", ""point"": [2, 10], ""time_ms"": 20445}, {""type"": ""add"", ""point"": [2, 9], ""time_ms"": 21011}, {""type"": ""add"", ""point"": [2, 8], ""time_ms"": 21611}, {""type"": ""add"", ""point"": [3, 8], ""time_ms"": 22228}, {""type"": ""add"", ""point"": [4, 8], ""time_ms"": 23911}, {""type"": ""add"", ""point"": [5, 8], ""time_ms"": 24494}, {""type"": ""add"", ""point"": [5, 7], ""time_ms"": 25044}, {""type"": ""add"", ""point"": [5, 6], ""time_ms"": 25577}, {""type"": ""add"", ""point"": [5, 5], ""time_ms"": 26377}, {""type"": ""invalid_click"", ""point"": [5, 7], ""time_ms"": 28711}, {""type"": ""add"", ""point"": [5, 6], ""time_ms"": 29344}, {""type"": ""add"", ""point"": [5, 7], ""time_ms"": 29861}, {""type"": ""add"", ""point"": [5, 8], ""time_ms"": 30379}, {""type"": ""add"", ""point"": [6, 8], ""time_ms"": 31744}, {""type"": ""add"", ""point"": [7, 8], ""time_ms"": 32378}, {""type"": ""add"", ""point"": [8, 8], ""time_ms"": 32910}, {""type"": ""add"", ""point"": [8, 9], ""time_ms"": 33461}, {""type"": ""add"", ""point"": [8, 10], ""time_ms"": 34061}, {""type"": ""add"", ""point"": [9, 10], ""time_ms"": 35061}, {""type"": ""add"", ""point"": [10, 10], ""time_ms"": 35596}, {""type"": ""add"", ""point"": [10, 9], ""time_ms"": 36178}, {""type"": ""add"", ""point"": [10, 8], ""time_ms"": 36728}, {""type"": ""add"", ""point"": [10, 7], ""time_ms"": 37279}, {""type"": ""add"", ""point"": [10, 6], ""time_ms"": 37831}, {""type"": ""add"", ""point"": [10, 5], ""time_ms"": 38363}, {""type"": ""add"", ""point"": [10, 4], ""time_ms"": 38927}, {""type"": ""add"", ""point"": [10, 3], ""time_ms"": 39697}, {""type"": ""add"", ""point"": [10, 2], ""time_ms"": 40229}, {""type"": ""add"", ""point"": [10, 1], ""time_ms"": 40778}, {""type"": ""add"", ""point"": [10, 0], ""time_ms"": 41278}, {""type"": ""add"", ""point"": [9, 0], ""time_ms"": 41830}, {""type"": ""add"", ""point"": [8, 0], ""time_ms"": 42395}, {""type"": ""add"", ""point"": [8, 1], ""time_ms"": 42897}, {""type"": ""add"", ""point"": [8, 2], ""time_ms"": 43462}, {""type"": ""add"", ""point"": [7, 2], ""time_ms"": 44011}, {""type"": ""add"", ""point"": [6, 2], ""time_ms"": 44578}, {""type"": ""add"", ""point"": [5, 2], ""time_ms"": 45161}, {""type"": ""add"", ""point"": [4, 2], ""time_ms"": 45862}, {""type"": ""add"", ""point"": [3, 2], ""time_ms"": 46912}, {""type"": ""add"", ""point"": [2, 2], ""time_ms"": 47929}, {""type"": ""add"", ""point"": [2, 1], ""time_ms"": 48495}, {""type"": ""add"", ""point"": [2, 0], ""time_ms"": 49511}, {""type"": ""add"", ""point"": [1, 0], ""time_ms"": 50062}, {""type"": ""add"", ""point"": [0, 0], ""time_ms"": 50861}]","{""valid"": true, ""completed"": true, ""steps"": 54, ""task_reward"": 7.0418541011134135, ""full_user_reward"": 2.5597282612835492, ""partial_user_reward"": 3.561811246908834, ""true_safety_cost"": 0.9820913684765539, ""perceived_safety_cost"": 0.6480637066014591, ""hidden_hazard_entered"": true, ""details"": {""photos"": [""A"", ""B"", ""C"", ""D""], ""photo_count"": 4, ""stuck"": true, ""execution_success"": false, ""route_completed"": true, ""returned_home"": true, ""first_high_step"": 37, ""visible_high_hazard_entered"": false}}",52696,,,"{""information_complete"": ""yes"", ""strategy"": """", ""comments"": """"}"
tyui,partial,"[""search_recon"", ""office""]",2026-07-25T22:39:04.413144+00:00,2026-07-25T22:44:33.571723+00:00,1,1,0,"{""math"": ""25"", ""study_task"": ""route"", ""domain_question"": ""photos"", ""attention"": ""triangle""}",13777,13777,0,1,office,"[[8, 4], [7, 4], [8, 4], [8, 5], [8, 6], [8, 7], [7, 7], [6, 7], [6, 8], [5, 8], [4, 8], [4, 7], [3, 7], [3, 8], [2, 8], [1, 8], [0, 8], [0, 7], [0, 6], [0, 7], [0, 6], [0, 5], [0, 4], [1, 4], [0, 4], [0, 3], [0, 2], [0, 1], [0, 0], [1, 0], [2, 0], [3, 0], [4, 0], [5, 0], [6, 0], [7, 0], [8, 0], [8, 1], [8, 2], [8, 3], [8, 4], [7, 4]]","[{""type"": ""add"", ""point"": [7, 4], ""time_ms"": 5611}, {""type"": ""add"", ""point"": [8, 4], ""time_ms"": 6310}, {""type"": ""add"", ""point"": [8, 5], ""time_ms"": 7011}, {""type"": ""add"", ""point"": [8, 6], ""time_ms"": 7644}, {""type"": ""add"", ""point"": [8, 7], ""time_ms"": 8494}, {""type"": ""add"", ""point"": [7, 7], ""time_ms"": 8977}, {""type"": ""add"", ""point"": [6, 7], ""time_ms"": 9476}, {""type"": ""add"", ""point"": [6, 8], ""time_ms"": 9993}, {""type"": ""add"", ""point"": [5, 8], ""time_ms"": 10580}, {""type"": ""add"", ""point"": [4, 8], ""time_ms"": 11146}, {""type"": ""add"", ""point"": [4, 7], ""time_ms"": 11644}, {""type"": ""add"", ""point"": [3, 7], ""time_ms"": 12761}, {""type"": ""add"", ""point"": [3, 8], ""time_ms"": 13277}, {""type"": ""add"", ""point"": [2, 8], ""time_ms"": 14210}, {""type"": ""add"", ""point"": [1, 8], ""time_ms"": 15095}, {""type"": ""add"", ""point"": [0, 8], ""time_ms"": 15678}, {""type"": ""add"", ""point"": [0, 7], ""time_ms"": 16278}, {""type"": ""add"", ""point"": [0, 6], ""time_ms"": 16829}, {""type"": ""add"", ""point"": [0, 7], ""time_ms"": 17827}, {""type"": ""invalid_click"", ""point"": [0, 5], ""time_ms"": 19012}, {""type"": ""add"", ""point"": [0, 6], ""time_ms"": 19597}, {""type"": ""add"", ""point"": [0, 5], ""time_ms"": 20179}, {""type"": ""add"", ""point"": [0, 4], ""time_ms"": 20677}, {""type"": ""add"", ""point"": [1, 4], ""time_ms"": 21228}, {""type"": ""add"", ""point"": [0, 4], ""time_ms"": 21761}, {""type"": ""add"", ""point"": [0, 3], ""time_ms"": 22311}, {""type"": ""add"", ""point"": [0, 2], ""time_ms"": 22844}, {""type"": ""add"", ""point"": [0, 1], ""time_ms"": 23379}, {""type"": ""add"", ""point"": [0, 0], ""time_ms"": 24028}, {""type"": ""add"", ""point"": [1, 0], ""time_ms"": 24511}, {""type"": ""add"", ""point"": [2, 0], ""time_ms"": 25064}, {""type"": ""add"", ""point"": [3, 0], ""time_ms"": 25630}, {""type"": ""add"", ""point"": [4, 0], ""time_ms"": 26144}, {""type"": ""add"", ""point"": [5, 0], ""time_ms"": 26711}, {""type"": ""add"", ""point"": [6, 0], ""time_ms"": 27446}, {""type"": ""add"", ""point"": [7, 0], ""time_ms"": 28096}, {""type"": ""add"", ""point"": [8, 0], ""time_ms"": 28611}, {""type"": ""add"", ""point"": [8, 1], ""time_ms"": 29161}, {""type"": ""add"", ""point"": [8, 2], ""time_ms"": 29711}, {""type"": ""add"", ""point"": [8, 3], ""time_ms"": 30194}, {""type"": ""add"", ""point"": [8, 4], ""time_ms"": 30746}, {""type"": ""add"", ""point"": [7, 4], ""time_ms"": 31412}]","{""valid"": true, ""completed"": true, ""steps"": 41, ""task_reward"": 7.834448370580664, ""full_user_reward"": 8.950444389293219, ""partial_user_reward"": 11.211627960740824, ""true_safety_cost"": 2.261183571447605, ""perceived_safety_cost"": 0.0, ""hidden_hazard_entered"": false, ""details"": {""coffee_picked"": true, ""picked_from"": [4, 7], ""entered_true_busy"": true, ""entered_visible_busy"": false}}",32611,,,"{""information_complete"": ""yes"", ""strategy"": """", ""comments"": """"}"
dfghjkl,full,"[""office"", ""search_recon""]",2026-07-25T22:45:09.007410+00:00,,1,1,0,"{""math"": ""20"", ""study_task"": ""route"", ""domain_question"": ""coffee"", ""attention"": ""triangle""}",10425,10425,0,0,office,"[[8, 4], [7, 4], [8, 4], [8, 5], [8, 6], [8, 7], [7, 7], [6, 7], [6, 8], [5, 8], [4, 8], [4, 7], [4, 8], [5, 8], [6, 8], [6, 7], [7, 7], [8, 7], [8, 6], [8, 5], [8, 4], [7, 4]]","[{""type"": ""add"", ""point"": [7, 4], ""time_ms"": 7046}, {""type"": ""add"", ""point"": [8, 4], ""time_ms"": 7828}, {""type"": ""add"", ""point"": [8, 5], ""time_ms"": 8328}, {""type"": ""add"", ""point"": [8, 6], ""time_ms"": 17128}, {""type"": ""add"", ""point"": [8, 7], ""time_ms"": 17844}, {""type"": ""add"", ""point"": [7, 7], ""time_ms"": 18328}, {""type"": ""add"", ""point"": [6, 7], ""time_ms"": 18843}, {""type"": ""add"", ""point"": [6, 8], ""time_ms"": 19227}, {""type"": ""add"", ""point"": [5, 8], ""time_ms"": 19677}, {""type"": ""add"", ""point"": [4, 8], ""time_ms"": 20111}, {""type"": ""add"", ""point"": [4, 7], ""time_ms"": 20544}, {""type"": ""add"", ""point"": [4, 8], ""time_ms"": 21028}, {""type"": ""add"", ""point"": [5, 8], ""time_ms"": 21461}, {""type"": ""add"", ""point"": [6, 8], ""time_ms"": 21944}, {""type"": ""add"", ""point"": [6, 7], ""time_ms"": 22327}, {""type"": ""add"", ""point"": [7, 7], ""time_ms"": 22711}, {""type"": ""add"", ""point"": [8, 7], ""time_ms"": 23644}, {""type"": ""add"", ""point"": [8, 6], ""time_ms"": 24061}, {""type"": ""add"", ""point"": [8, 5], ""time_ms"": 24561}, {""type"": ""add"", ""point"": [8, 4], ""time_ms"": 25028}, {""type"": ""add"", ""point"": [7, 4], ""time_ms"": 25494}]","{""valid"": true, ""completed"": true, ""steps"": 21, ""task_reward"": 10.798258433228916, ""full_user_reward"": 10.439796179568722, ""partial_user_reward"": 12.700979751016327, ""true_safety_cost"": 2.261183571447605, ""perceived_safety_cost"": 0.0, ""hidden_hazard_entered"": false, ""details"": {""coffee_picked"": true, ""picked_from"": [4, 7], ""entered_true_busy"": true, ""entered_visible_busy"": false}}",26579,,,
test,full,"[""office"", ""search_recon""]",2026-07-25T23:52:04.164721+00:00,2026-07-25T23:52:39.351110+00:00,0,1,0,"{""math"": ""13"", ""study_task"": ""route"", ""domain_question"": ""books"", ""attention"": ""circle""}",8981,8981,0,,,,,,,,,
sadfgasdf,full,"[""office"", ""search_recon""]",2026-07-25T23:56:04.538066+00:00,2026-07-25T23:57:08.075760+00:00,1,1,0,"{""math"": ""30"", ""study_task"": ""route"", ""domain_question"": ""coffee"", ""attention"": ""triangle""}",15137,15137,0,0,office,"[[8, 4], [7, 4], [6, 4], [5, 4], [4, 4], [4, 5], [4, 6], [4, 7], [4, 6], [4, 5], [4, 4], [3, 4], [2, 4], [1, 4], [2, 4], [3, 4], [4, 4], [5, 4], [6, 4], [7, 4]]","[{""type"": ""add"", ""point"": [7, 4], ""time_ms"": 1202}, {""type"": ""add"", ""point"": [6, 4], ""time_ms"": 1517}, {""type"": ""add"", ""point"": [5, 4], ""time_ms"": 1894}, {""type"": ""add"", ""point"": [4, 4], ""time_ms"": 2208}, {""type"": ""add"", ""point"": [4, 5], ""time_ms"": 2515}, {""type"": ""add"", ""point"": [4, 6], ""time_ms"": 2830}, {""type"": ""add"", ""point"": [4, 7], ""time_ms"": 3057}, {""type"": ""add"", ""point"": [4, 6], ""time_ms"": 3574}, {""type"": ""add"", ""point"": [4, 5], ""time_ms"": 4037}, {""type"": ""add"", ""point"": [4, 4], ""time_ms"": 4300}, {""type"": ""add"", ""point"": [3, 4], ""time_ms"": 4676}, {""type"": ""add"", ""point"": [2, 4], ""time_ms"": 5297}, {""type"": ""add"", ""point"": [1, 4], ""time_ms"": 5612}, {""type"": ""add"", ""point"": [2, 4], ""time_ms"": 8518}, {""type"": ""add"", ""point"": [3, 4], ""time_ms"": 8867}, {""type"": ""add"", ""point"": [4, 4], ""time_ms"": 9183}, {""type"": ""add"", ""point"": [5, 4], ""time_ms"": 9498}, {""type"": ""add"", ""point"": [6, 4], ""time_ms"": 10022}, {""type"": ""add"", ""point"": [7, 4], ""time_ms"": 10398}]","{""valid"": true, ""completed"": true, ""steps"": 19, ""task_reward"": 11.314224599861742, ""full_user_reward"": 7.524320105189126, ""partial_user_reward"": 8.936587878793121, ""true_safety_cost"": 5.528218256316748, ""perceived_safety_cost"": 4.115950482712753, ""hidden_hazard_entered"": false, ""details"": {""coffee_picked"": true, ""picked_from"": [4, 7], ""entered_true_busy"": true, ""entered_visible_busy"": true}}",10985,,,"{""information_complete"": ""yes"", ""strategy"": """", ""comments"": """"}"
sadfgasdf,full,"[""office"", ""search_recon""]",2026-07-25T23:56:04.538066+00:00,2026-07-25T23:57:08.075760+00:00,1,1,0,"{""math"": ""30"", ""study_task"": ""route"", ""domain_question"": ""coffee"", ""attention"": ""triangle""}",15137,15137,0,1,search_recon,"[[0, 0], [0, 1], [0, 2], [0, 3], [0, 4], [0, 5], [1, 5], [2, 5], [3, 5], [4, 5], [5, 5], [5, 6], [5, 7], [5, 8], [4, 8], [3, 8], [2, 8], [3, 8], [4, 8], [5, 8], [5, 7], [5, 6], [5, 5], [5, 4], [5, 3], [5, 2], [6, 2], [7, 2], [8, 2], [8, 1], [8, 0], [9, 0], [10, 0], [10, 1], [10, 2], [10, 3], [10, 4], [10, 5], [10, 6], [10, 7], [10, 8], [10, 9], [10, 10], [9, 10], [8, 10], [8, 9], [8, 8], [7, 8], [6, 8], [5, 8], [5, 7], [5, 6], [5, 5], [4, 5], [3, 5], [2, 5], [1, 5], [0, 5], [0, 4], [0, 3], [0, 2], [0, 1], [0, 0], [1, 0], [2, 0], [2, 1], [2, 2], [2, 1], [2, 0], [1, 0], [0, 0]]","[{""type"": ""add"", ""point"": [0, 1], ""time_ms"": 1548}, {""type"": ""add"", ""point"": [0, 2], ""time_ms"": 2029}, {""type"": ""add"", ""point"": [0, 3], ""time_ms"": 2458}, {""type"": ""add"", ""point"": [0, 4], ""time_ms"": 2850}, {""type"": ""add"", ""point"": [0, 5], ""time_ms"": 3150}, {""type"": ""add"", ""point"": [1, 5], ""time_ms"": 3490}, {""type"": ""add"", ""point"": [2, 5], ""time_ms"": 3937}, {""type"": ""add"", ""point"": [3, 5], ""time_ms"": 4330}, {""type"": ""add"", ""point"": [4, 5], ""time_ms"": 4645}, {""type"": ""add"", ""point"": [5, 5], ""time_ms"": 5030}, {""type"": ""add"", ""point"": [5, 6], ""time_ms"": 5354}, {""type"": ""add"", ""point"": [5, 7], ""time_ms"": 5783}, {""type"": ""add"", ""point"": [5, 8], ""time_ms"": 6063}, {""type"": ""add"", ""point"": [4, 8], ""time_ms"": 6414}, {""type"": ""add"", ""point"": [3, 8], ""time_ms"": 6684}, {""type"": ""add"", ""point"": [2, 8], ""time_ms"": 7192}, {""type"": ""add"", ""point"": [3, 8], ""time_ms"": 7507}, {""type"": ""add"", ""point"": [4, 8], ""time_ms"": 7874}, {""type"": ""add"", ""point"": [5, 8], ""time_ms"": 8181}, {""type"": ""add"", ""point"": [5, 7], ""time_ms"": 8505}, {""type"": ""add"", ""point"": [5, 6], ""time_ms"": 8889}, {""type"": ""add"", ""point"": [5, 5], ""time_ms"": 9213}, {""type"": ""add"", ""point"": [5, 4], ""time_ms"": 10219}, {""type"": ""add"", ""point"": [5, 3], ""time_ms"": 10455}, {""type"": ""add"", ""point"": [5, 2], ""time_ms"": 10700}, {""type"": ""add"", ""point"": [6, 2], ""time_ms"": 11750}, {""type"": ""add"", ""point"": [7, 2], ""time_ms"": 12039}, {""type"": ""add"", ""point"": [8, 2], ""time_ms"": 12328}, {""type"": ""add"", ""point"": [8, 1], ""time_ms"": 12669}, {""type"": ""add"", ""point"": [8, 0], ""time_ms"": 13011}, {""type"": ""add"", ""point"": [9, 0], ""time_ms"": 13326}, {""type"": ""add"", ""point"": [10, 0], ""time_ms"": 13614}, {""type"": ""add"", ""point"": [10, 1], ""time_ms"": 13877}, {""type"": ""add"", ""point"": [10, 2], ""time_ms"": 14157}, {""type"": ""add"", ""point"": [10, 3], ""time_ms"": 14454}, {""type"": ""add"", ""point"": [10, 4], ""time_ms"": 14804}, {""type"": ""add"", ""point"": [10, 5], ""time_ms"": 15145}, {""type"": ""add"", ""point"": [10, 6], ""time_ms"": 15452}, {""type"": ""add"", ""point"": [10, 7], ""time_ms"": 15750}, {""type"": ""add"", ""point"": [10, 8], ""time_ms"": 16056}, {""type"": ""add"", ""point"": [10, 9], ""time_ms"": 16354}, {""type"": ""add"", ""point"": [10, 10], ""time_ms"": 17089}, {""type"": ""add"", ""point"": [9, 10], ""time_ms"": 17343}, {""type"": ""add"", ""point"": [8, 10], ""time_ms"": 17578}, {""type"": ""add"", ""point"": [8, 9], ""time_ms"": 17832}, {""type"": ""add"", ""point"": [8, 8], ""time_ms"": 18139}, {""type"": ""add"", ""point"": [7, 8], ""time_ms"": 18427}, {""type"": ""add"", ""point"": [6, 8], ""time_ms"": 18795}, {""type"": ""add"", ""point"": [5, 8], ""time_ms"": 19135}, {""type"": ""add"", ""point"": [5, 7], ""time_ms"": 19390}, {""type"": ""add"", ""point"": [5, 6], ""time_ms"": 19669}, {""type"": ""add"", ""point"": [5, 5], ""time_ms"": 19941}, {""type"": ""add"", ""point"": [4, 5], ""time_ms"": 20273}, {""type"": ""add"", ""point"": [3, 5], ""time_ms"": 20623}, {""type"": ""add"", ""point"": [2, 5], ""time_ms"": 21052}, {""type"": ""add"", ""point"": [1, 5], ""time_ms"": 21376}, {""type"": ""add"", ""point"": [0, 5], ""time_ms"": 21622}, {""type"": ""add"", ""point"": [0, 4], ""time_ms"": 21875}, {""type"": ""add"", ""point"": [0, 3], ""time_ms"": 22199}, {""type"": ""add"", ""point"": [0, 2], ""time_ms"": 22522}, {""type"": ""add"", ""point"": [0, 1], ""time_ms"": 22855}, {""type"": ""add"", ""point"": [0, 0], ""time_ms"": 23136}, {""type"": ""add"", ""point"": [1, 0], ""time_ms"": 23913}, {""type"": ""add"", ""point"": [2, 0], ""time_ms"": 24272}, {""type"": ""add"", ""point"": [2, 1], ""time_ms"": 24807}, {""type"": ""add"", ""point"": [2, 2], ""time_ms"": 25121}, {""type"": ""add"", ""point"": [2, 1], ""time_ms"": 25462}, {""type"": ""add"", ""point"": [2, 0], ""time_ms"": 25777}, {""type"": ""add"", ""point"": [1, 0], ""time_ms"": 26092}, {""type"": ""add"", ""point"": [0, 0], ""time_ms"": 26399}]","{""valid"": true, ""completed"": true, ""steps"": 70, ""task_reward"": 5.222629076726793, ""full_user_reward"": 0.7800124453672935, ""partial_user_reward"": 1.8450384689885972, ""true_safety_cost"": 0.9326523896417463, ""perceived_safety_cost"": 0.5776437151013117, ""hidden_hazard_entered"": true, ""details"": {""photos"": [""A"", ""B"", ""C"", ""D""], ""photo_count"": 4, ""stuck"": true, ""execution_success"": false, ""route_completed"": true, ""returned_home"": true, ""first_high_step"": 35, ""visible_high_hazard_entered"": false}}",27160,,,"{""information_complete"": ""yes"", ""strategy"": """", ""comments"": """"}"
asdfsadf,full,"[""search_recon"", ""office""]",2026-07-25T23:57:53.549594+00:00,,0,0,0,,,,0,,,,,,,,,
P2671F325,full,"[""search_recon"", ""office""]",2026-07-26T00:33:07.346281+00:00,,0,0,0,,,,0,,,,,,,,,
werty,full,"[""search_recon"", ""office""]",2026-07-26T06:50:29.170026+00:00,2026-07-26T06:52:12.850940+00:00,1,1,0,"{""math"": ""29"", ""study_task"": ""route"", ""domain_question"": ""photos"", ""attention"": ""triangle""}",15323,15323,0,0,search_recon,"[[0, 0], [1, 0], [2, 0], [2, 1], [2, 2], [3, 2], [4, 2], [5, 2], [6, 2], [7, 2], [8, 2], [7, 2], [6, 2], [5, 2], [5, 3], [5, 4], [5, 5], [6, 5], [7, 5], [8, 5], [9, 5], [10, 5], [10, 6], [10, 7], [10, 8], [10, 9], [10, 10], [9, 10], [8, 10], [8, 9], [8, 8], [7, 8], [6, 8], [5, 8], [4, 8], [3, 8], [2, 8], [2, 9], [2, 10], [1, 10], [0, 10], [0, 9], [0, 8], [0, 7], [0, 6], [0, 5], [0, 4], [0, 3], [0, 2], [0, 1], [0, 0]]","[{""type"": ""add"", ""point"": [1, 0], ""time_ms"": 21007}, {""type"": ""add"", ""point"": [2, 0], ""time_ms"": 21506}, {""type"": ""add"", ""point"": [2, 1], ""time_ms"": 21955}, {""type"": ""add"", ""point"": [2, 2], ""time_ms"": 22373}, {""type"": ""add"", ""point"": [3, 2], ""time_ms"": 22856}, {""type"": ""add"", ""point"": [4, 2], ""time_ms"": 23255}, {""type"": ""add"", ""point"": [5, 2], ""time_ms"": 24305}, {""type"": ""add"", ""point"": [6, 2], ""time_ms"": 24706}, {""type"": ""add"", ""point"": [7, 2], ""time_ms"": 25223}, {""type"": ""add"", ""point"": [8, 2], ""time_ms"": 25789}, {""type"": ""add"", ""point"": [7, 2], ""time_ms"": 26407}, {""type"": ""add"", ""point"": [6, 2], ""time_ms"": 26889}, {""type"": ""add"", ""point"": [5, 2], ""time_ms"": 27689}, {""type"": ""add"", ""point"": [5, 3], ""time_ms"": 28240}, {""type"": ""add"", ""point"": [5, 4], ""time_ms"": 29057}, {""type"": ""add"", ""point"": [5, 5], ""time_ms"": 29439}, {""type"": ""add"", ""point"": [6, 5], ""time_ms"": 29889}, {""type"": ""add"", ""point"": [7, 5], ""time_ms"": 31690}, {""type"": ""add"", ""point"": [8, 5], ""time_ms"": 32139}, {""type"": ""add"", ""point"": [9, 5], ""time_ms"": 32656}, {""type"": ""add"", ""point"": [10, 5], ""time_ms"": 33589}, {""type"": ""add"", ""point"": [10, 6], ""time_ms"": 34056}, {""type"": ""add"", ""point"": [10, 7], ""time_ms"": 34505}, {""type"": ""add"", ""point"": [10, 8], ""time_ms"": 34972}, {""type"": ""add"", ""point"": [10, 9], ""time_ms"": 35456}, {""type"": ""add"", ""point"": [10, 10], ""time_ms"": 35972}, {""type"": ""add"", ""point"": [9, 10], ""time_ms"": 36439}, {""type"": ""add"", ""point"": [8, 10], ""time_ms"": 36906}, {""type"": ""add"", ""point"": [8, 9], ""time_ms"": 37355}, {""type"": ""add"", ""point"": [8, 8], ""time_ms"": 37923}, {""type"": ""add"", ""point"": [7, 8], ""time_ms"": 38373}, {""type"": ""add"", ""point"": [6, 8], ""time_ms"": 38822}, {""type"": ""add"", ""point"": [5, 8], ""time_ms"": 39339}, {""type"": ""add"", ""point"": [4, 8], ""time_ms"": 40124}, {""type"": ""add"", ""point"": [3, 8], ""time_ms"": 40540}, {""type"": ""add"", ""point"": [2, 8], ""time_ms"": 40957}, {""type"": ""add"", ""point"": [2, 9], ""time_ms"": 41374}, {""type"": ""add"", ""point"": [2, 10], ""time_ms"": 42656}, {""type"": ""add"", ""point"": [1, 10], ""time_ms"": 43942}, {""type"": ""add"", ""point"": [0, 10], ""time_ms"": 44322}, {""type"": ""add"", ""point"": [0, 9], ""time_ms"": 44739}, {""type"": ""add"", ""point"": [0, 8], ""time_ms"": 45289}, {""type"": ""add"", ""point"": [0, 7], ""time_ms"": 45724}, {""type"": ""add"", ""point"": [0, 6], ""time_ms"": 46139}, {""type"": ""add"", ""point"": [0, 5], ""time_ms"": 46573}, {""type"": ""add"", ""point"": [0, 4], ""time_ms"": 47007}, {""type"": ""add"", ""point"": [0, 3], ""time_ms"": 47389}, {""type"": ""add"", ""point"": [0, 2], ""time_ms"": 47773}, {""type"": ""add"", ""point"": [0, 1], ""time_ms"": 48207}, {""type"": ""add"", ""point"": [0, 0], ""time_ms"": 48556}]","{""valid"": true, ""completed"": true, ""steps"": 50, ""task_reward"": 11.734035408436533, ""full_user_reward"": 6.487922514233453, ""partial_user_reward"": 6.487922514233453, ""true_safety_cost"": 0.09145740847395852, ""perceived_safety_cost"": 0.09145740847395852, ""hidden_hazard_entered"": false, ""details"": {""photos"": [""A"", ""B"", ""C"", ""D""], ""photo_count"": 4, ""stuck"": false, ""execution_success"": true, ""route_completed"": true, ""returned_home"": true, ""first_high_step"": null, ""visible_high_hazard_entered"": false}}",59509,,,"{""information_complete"": ""yes"", ""strategy"": """", ""comments"": """"}"
werty,full,"[""search_recon"", ""office""]",2026-07-26T06:50:29.170026+00:00,2026-07-26T06:52:12.850940+00:00,1,1,0,"{""math"": ""29"", ""study_task"": ""route"", ""domain_question"": ""photos"", ""attention"": ""triangle""}",15323,15323,0,1,office,"[[8, 4], [8, 5], [8, 6], [8, 7], [7, 7], [7, 8], [6, 8], [5, 8], [4, 8], [4, 7], [4, 8], [5, 8], [6, 8], [7, 8], [7, 7], [8, 7], [8, 6], [8, 5], [8, 4], [7, 4]]","[{""type"": ""add"", ""point"": [8, 5], ""time_ms"": 5664}, {""type"": ""add"", ""point"": [8, 6], ""time_ms"": 6097}, {""type"": ""add"", ""point"": [8, 7], ""time_ms"": 6530}, {""type"": ""add"", ""point"": [7, 7], ""time_ms"": 7163}, {""type"": ""add"", ""point"": [7, 8], ""time_ms"": 7647}, {""type"": ""add"", ""point"": [6, 8], ""time_ms"": 8062}, {""type"": ""add"", ""point"": [5, 8], ""time_ms"": 8712}, {""type"": ""add"", ""point"": [4, 8], ""time_ms"": 9297}, {""type"": ""add"", ""point"": [4, 7], ""time_ms"": 9697}, {""type"": ""add"", ""point"": [4, 8], ""time_ms"": 10099}, {""type"": ""add"", ""point"": [5, 8], ""time_ms"": 10497}, {""type"": ""add"", ""point"": [6, 8], ""time_ms"": 10964}, {""type"": ""add"", ""point"": [7, 8], ""time_ms"": 11412}, {""type"": ""add"", ""point"": [7, 7], ""time_ms"": 11797}, {""type"": ""add"", ""point"": [8, 7], ""time_ms"": 12246}, {""type"": ""add"", ""point"": [8, 6], ""time_ms"": 12629}, {""type"": ""add"", ""point"": [8, 5], ""time_ms"": 13079}, {""type"": ""add"", ""point"": [8, 4], ""time_ms"": 13547}, {""type"": ""add"", ""point"": [7, 4], ""time_ms"": 13997}]","{""valid"": true, ""completed"": true, ""steps"": 19, ""task_reward"": 11.220547324996343, ""full_user_reward"": 10.651766329526296, ""partial_user_reward"": 12.958861086640475, ""true_safety_cost"": 2.3070947571141773, ""perceived_safety_cost"": 0.0, ""hidden_hazard_entered"": false, ""details"": {""coffee_picked"": true, ""picked_from"": [4, 7], ""entered_true_busy"": true, ""entered_visible_busy"": false}}",14946,,,"{""information_complete"": ""yes"", ""strategy"": """", ""comments"": """"}"
bnm,partial,"[""office"", ""search_recon""]",2026-07-26T06:54:04.712293+00:00,2026-07-26T06:55:24.657162+00:00,1,1,0,"{""math"": ""32"", ""study_task"": ""route"", ""domain_question"": ""coffee"", ""attention"": ""triangle""}",12347,12347,0,0,office,"[[8, 4], [8, 5], [8, 6], [7, 6], [6, 6], [6, 7], [6, 8], [5, 8], [4, 8], [4, 7], [4, 8], [5, 8], [6, 8], [6, 7], [6, 6], [7, 6], [8, 6], [8, 5], [8, 4], [7, 4]]","[{""type"": ""add"", ""point"": [8, 5], ""time_ms"": 6064}, {""type"": ""add"", ""point"": [8, 6], ""time_ms"": 6650}, {""type"": ""add"", ""point"": [7, 6], ""time_ms"": 7180}, {""type"": ""invalid_click"", ""point"": [6, 7], ""time_ms"": 8213}, {""type"": ""add"", ""point"": [6, 6], ""time_ms"": 8797}, {""type"": ""add"", ""point"": [6, 7], ""time_ms"": 9230}, {""type"": ""add"", ""point"": [6, 8], ""time_ms"": 9715}, {""type"": ""add"", ""point"": [5, 8], ""time_ms"": 10447}, {""type"": ""add"", ""point"": [4, 8], ""time_ms"": 10996}, {""type"": ""add"", ""point"": [4, 7], ""time_ms"": 11946}, {""type"": ""add"", ""point"": [4, 8], ""time_ms"": 12463}, {""type"": ""add"", ""point"": [5, 8], ""time_ms"": 12913}, {""type"": ""add"", ""point"": [6, 8], ""time_ms"": 13664}, {""type"": ""add"", ""point"": [6, 7], ""time_ms"": 14182}, {""type"": ""add"", ""point"": [6, 6], ""time_ms"": 15064}, {""type"": ""add"", ""point"": [7, 6], ""time_ms"": 15499}, {""type"": ""add"", ""point"": [8, 6], ""time_ms"": 16014}, {""type"": ""add"", ""point"": [8, 5], ""time_ms"": 16515}, {""type"": ""add"", ""point"": [8, 4], ""time_ms"": 17098}, {""type"": ""add"", ""point"": [7, 4], ""time_ms"": 17767}]","{""valid"": true, ""completed"": true, ""steps"": 19, ""task_reward"": 11.220547324996343, ""full_user_reward"": 10.651766329526296, ""partial_user_reward"": 12.958861086640475, ""true_safety_cost"": 2.3070947571141773, ""perceived_safety_cost"": 0.0, ""hidden_hazard_entered"": false, ""details"": {""coffee_picked"": true, ""picked_from"": [4, 7], ""entered_true_busy"": true, ""entered_visible_busy"": false}}",19331,,,"{""information_complete"": ""yes"", ""strategy"": """", ""comments"": """"}"
bnm,partial,"[""office"", ""search_recon""]",2026-07-26T06:54:04.712293+00:00,2026-07-26T06:55:24.657162+00:00,1,1,0,"{""math"": ""32"", ""study_task"": ""route"", ""domain_question"": ""coffee"", ""attention"": ""triangle""}",12347,12347,0,1,search_recon,"[[0, 0], [1, 0], [2, 0], [2, 1], [2, 2], [3, 2], [4, 2], [5, 2], [6, 2], [7, 2], [8, 2], [8, 1], [8, 0], [9, 0], [10, 0], [10, 1], [10, 2], [10, 3], [10, 4], [10, 5], [10, 6], [10, 7], [10, 8], [10, 9], [10, 10], [9, 10], [8, 10], [8, 9], [8, 8], [7, 8], [6, 8], [5, 8], [4, 8], [3, 8], [2, 8], [2, 9], [2, 10], [1, 10], [0, 10], [0, 9], [0, 8], [0, 7], [0, 6], [0, 5], [0, 4], [0, 3], [0, 2], [0, 1], [0, 0]]","[{""type"": ""add"", ""point"": [1, 0], ""time_ms"": 9960}, {""type"": ""add"", ""point"": [2, 0], ""time_ms"": 10592}, {""type"": ""add"", ""point"": [2, 1], ""time_ms"": 10974}, {""type"": ""add"", ""point"": [2, 2], ""time_ms"": 11409}, {""type"": ""add"", ""point"": [3, 2], ""time_ms"": 11908}, {""type"": ""add"", ""point"": [4, 2], ""time_ms"": 12377}, {""type"": ""add"", ""point"": [5, 2], ""time_ms"": 12875}, {""type"": ""add"", ""point"": [6, 2], ""time_ms"": 13377}, {""type"": ""add"", ""point"": [7, 2], ""time_ms"": 13974}, {""type"": ""add"", ""point"": [8, 2], ""time_ms"": 14574}, {""type"": ""add"", ""point"": [8, 1], ""time_ms"": 15058}, {""type"": ""add"", ""point"": [8, 0], ""time_ms"": 15791}, {""type"": ""add"", ""point"": [9, 0], ""time_ms"": 16758}, {""type"": ""add"", ""point"": [10, 0], ""time_ms"": 17842}, {""type"": ""add"", ""point"": [10, 1], ""time_ms"": 18274}, {""type"": ""add"", ""point"": [10, 2], ""time_ms"": 18724}, {""type"": ""add"", ""point"": [10, 3], ""time_ms"": 19175}, {""type"": ""add"", ""point"": [10, 4], ""time_ms"": 19675}, {""type"": ""add"", ""point"": [10, 5], ""time_ms"": 20141}, {""type"": ""add"", ""point"": [10, 6], ""time_ms"": 20591}, {""type"": ""add"", ""point"": [10, 7], ""time_ms"": 20975}, {""type"": ""add"", ""point"": [10, 8], ""time_ms"": 21408}, {""type"": ""add"", ""point"": [10, 9], ""time_ms"": 21908}, {""type"": ""add"", ""point"": [10, 10], ""time_ms"": 22424}, {""type"": ""add"", ""point"": [9, 10], ""time_ms"": 22808}, {""type"": ""add"", ""point"": [8, 10], ""time_ms"": 23259}, {""type"": ""add"", ""point"": [8, 9], ""time_ms"": 23724}, {""type"": ""add"", ""point"": [8, 8], ""time_ms"": 24291}, {""type"": ""add"", ""point"": [7, 8], ""time_ms"": 24774}, {""type"": ""add"", ""point"": [6, 8], ""time_ms"": 25276}, {""type"": ""add"", ""point"": [5, 8], ""time_ms"": 25708}, {""type"": ""add"", ""point"": [4, 8], ""time_ms"": 26208}, {""type"": ""add"", ""point"": [3, 8], ""time_ms"": 26724}, {""type"": ""add"", ""point"": [2, 8], ""time_ms"": 27276}, {""type"": ""add"", ""point"": [2, 9], ""time_ms"": 27759}, {""type"": ""add"", ""point"": [2, 10], ""time_ms"": 28208}, {""type"": ""add"", ""point"": [1, 10], ""time_ms"": 28858}, {""type"": ""add"", ""point"": [0, 10], ""time_ms"": 29310}, {""type"": ""add"", ""point"": [0, 9], ""time_ms"": 29758}, {""type"": ""add"", ""point"": [0, 8], ""time_ms"": 30325}, {""type"": ""add"", ""point"": [0, 7], ""time_ms"": 30842}, {""type"": ""add"", ""point"": [0, 6], ""time_ms"": 31325}, {""type"": ""add"", ""point"": [0, 5], ""time_ms"": 31776}, {""type"": ""add"", ""point"": [0, 4], ""time_ms"": 32242}, {""type"": ""add"", ""point"": [0, 3], ""time_ms"": 33242}, {""type"": ""add"", ""point"": [0, 2], ""time_ms"": 33708}, {""type"": ""add"", ""point"": [0, 1], ""time_ms"": 34158}, {""type"": ""add"", ""point"": [0, 0], ""time_ms"": 35026}]","{""valid"": true, ""completed"": true, ""steps"": 48, ""task_reward"": 12.007571247640579, ""full_user_reward"": 5.105562616356581, ""partial_user_reward"": 6.948323576744638, ""true_safety_cost"": 0.9326829411368166, ""perceived_safety_cost"": 0.318429287674131, ""hidden_hazard_entered"": true, ""details"": {""photos"": [""A"", ""B"", ""C"", ""D""], ""photo_count"": 4, ""stuck"": true, ""execution_success"": false, ""route_completed"": true, ""returned_home"": true, ""first_high_step"": 17, ""visible_high_hazard_entered"": false}}",36576,,,"{""information_complete"": ""yes"", ""strategy"": """", ""comments"": """"}"
ghjkl,full,"[""search_recon"", ""office""]",2026-07-26T06:55:54.555881+00:00,,0,1,0,"{""math"": ""78"", ""study_task"": ""shopping"", ""domain_question"": ""deliver"", ""attention"": ""square""}",9356,9356,0,,,,,,,,,
tui,full,"[""search_recon"", ""office""]",2026-07-26T07:04:50.150141+00:00,,0,1,0,"{""math"": ""6789"", ""study_task"": ""shopping"", ""domain_question"": ""photos"", ""attention"": ""triangle""}",24194,24194,0,,,,,,,,,
CHECK_PARTIAL_PASS_01,partial,"[""search_recon"", ""office""]",2026-07-26T08:09:00.220278+00:00,2026-07-26T08:10:15.097548+00:00,1,1,0,"{""math"": ""31"", ""study_task"": ""route"", ""domain_question"": ""photos"", ""attention"": ""triangle""}",16688,16688,0,0,search_recon,"[[0, 0], [1, 0], [2, 0], [2, 1], [2, 2], [3, 2], [4, 2], [5, 2], [6, 2], [7, 2], [8, 2], [8, 1], [8, 2], [7, 2], [6, 2], [5, 2], [5, 3], [5, 4], [5, 5], [5, 6], [5, 7], [5, 8], [4, 8], [3, 8], [2, 8], [3, 8], [4, 8], [5, 8], [6, 8], [7, 8], [8, 8], [7, 8], [6, 8], [5, 8], [5, 7], [5, 6], [5, 5], [5, 4], [5, 3], [5, 2], [4, 2], [3, 2], [2, 2], [2, 1], [2, 0], [1, 0], [0, 0]]","[{""type"": ""add"", ""point"": [1, 0], ""time_ms"": 2247}, {""type"": ""add"", ""point"": [2, 0], ""time_ms"": 2646}, {""type"": ""add"", ""point"": [2, 1], ""time_ms"": 3030}, {""type"": ""add"", ""point"": [2, 2], ""time_ms"": 3496}, {""type"": ""add"", ""point"": [3, 2], ""time_ms"": 3878}, {""type"": ""add"", ""point"": [4, 2], ""time_ms"": 4297}, {""type"": ""add"", ""point"": [5, 2], ""time_ms"": 5331}, {""type"": ""invalid_click"", ""point"": [7, 2], ""time_ms"": 5695}, {""type"": ""add"", ""point"": [6, 2], ""time_ms"": 6161}, {""type"": ""add"", ""point"": [7, 2], ""time_ms"": 6511}, {""type"": ""add"", ""point"": [8, 2], ""time_ms"": 6961}, {""type"": ""add"", ""point"": [8, 1], ""time_ms"": 7429}, {""type"": ""add"", ""point"": [8, 2], ""time_ms"": 8011}, {""type"": ""add"", ""point"": [7, 2], ""time_ms"": 8395}, {""type"": ""add"", ""point"": [6, 2], ""time_ms"": 8762}, {""type"": ""add"", ""point"": [5, 2], ""time_ms"": 9245}, {""type"": ""add"", ""point"": [5, 3], ""time_ms"": 9779}, {""type"": ""add"", ""point"": [5, 4], ""time_ms"": 10196}, {""type"": ""add"", ""point"": [5, 5], ""time_ms"": 10663}, {""type"": ""add"", ""point"": [5, 6], ""time_ms"": 11062}, {""type"": ""invalid_click"", ""point"": [5, 8], ""time_ms"": 11529}, {""type"": ""add"", ""point"": [5, 7], ""time_ms"": 11996}, {""type"": ""add"", ""point"": [5, 8], ""time_ms"": 12363}, {""type"": ""add"", ""point"": [4, 8], ""time_ms"": 12796}, {""type"": ""add"", ""point"": [3, 8], ""time_ms"": 13179}, {""type"": ""add"", ""point"": [2, 8], ""time_ms"": 13613}, {""type"": ""add"", ""point"": [3, 8], ""time_ms"": 14012}, {""type"": ""add"", ""point"": [4, 8], ""time_ms"": 14478}, {""type"": ""add"", ""point"": [5, 8], ""time_ms"": 14945}, {""type"": ""add"", ""point"": [6, 8], ""time_ms"": 15512}, {""type"": ""add"", ""point"": [7, 8], ""time_ms"": 15962}, {""type"": ""add"", ""point"": [8, 8], ""time_ms"": 16581}, {""type"": ""add"", ""point"": [7, 8], ""time_ms"": 16978}, {""type"": ""add"", ""point"": [6, 8], ""time_ms"": 17463}, {""type"": ""add"", ""point"": [5, 8], ""time_ms"": 18045}, {""type"": ""add"", ""point"": [5, 7], ""time_ms"": 18495}, {""type"": ""add"", ""point"": [5, 6], ""time_ms"": 18929}, {""type"": ""add"", ""point"": [5, 5], ""time_ms"": 19411}, {""type"": ""add"", ""point"": [5, 4], ""time_ms"": 19845}, {""type"": ""add"", ""point"": [5, 3], ""time_ms"": 20245}, {""type"": ""add"", ""point"": [5, 2], ""time_ms"": 20779}, {""type"": ""add"", ""point"": [4, 2], ""time_ms"": 21563}, {""type"": ""invalid_click"", ""point"": [2, 2], ""time_ms"": 22013}, {""type"": ""add"", ""point"": [3, 2], ""time_ms"": 22528}, {""type"": ""add"", ""point"": [2, 2], ""time_ms"": 22933}, {""type"": ""add"", ""point"": [2, 1], ""time_ms"": 23313}, {""type"": ""add"", ""point"": [2, 0], ""time_ms"": 23762}, {""type"": ""add"", ""point"": [1, 0], ""time_ms"": 24578}, {""type"": ""add"", ""point"": [0, 0], ""time_ms"": 25045}]","{""valid"": true, ""completed"": true, ""steps"": 46, ""task_reward"": 12.606137850383664, ""full_user_reward"": 5.195299975912362, ""partial_user_reward"": 5.195299975912362, ""true_safety_cost"": 0.501115219193521, ""perceived_safety_cost"": 0.501115219193521, ""hidden_hazard_entered"": false, ""details"": {""photos"": [""A"", ""B"", ""C"", ""D""], ""photo_count"": 4, ""stuck"": false, ""execution_success"": true, ""route_completed"": true, ""returned_home"": true, ""first_high_step"": null, ""visible_high_hazard_entered"": false}}",31513,,,"{""information_complete"": ""yes"", ""strategy"": """", ""comments"": """"}"
CHECK_PARTIAL_PASS_01,partial,"[""search_recon"", ""office""]",2026-07-26T08:09:00.220278+00:00,2026-07-26T08:10:15.097548+00:00,1,1,0,"{""math"": ""31"", ""study_task"": ""route"", ""domain_question"": ""photos"", ""attention"": ""triangle""}",16688,16688,0,1,office,"[[8, 4], [7, 4], [8, 4], [8, 5], [8, 6], [8, 7], [7, 7], [6, 7], [6, 8], [5, 8], [4, 8], [4, 7], [4, 8], [5, 8], [6, 8], [6, 7], [7, 7], [8, 7], [8, 6], [8, 5], [8, 4], [7, 4]]","[{""type"": ""add"", ""point"": [7, 4], ""time_ms"": 2472}, {""type"": ""add"", ""point"": [8, 4], ""time_ms"": 2939}, {""type"": ""add"", ""point"": [8, 5], ""time_ms"": 3438}, {""type"": ""add"", ""point"": [8, 6], ""time_ms"": 3854}, {""type"": ""invalid_click"", ""point"": [7, 7], ""time_ms"": 4505}, {""type"": ""add"", ""point"": [8, 7], ""time_ms"": 5254}, {""type"": ""invalid_click"", ""point"": [6, 7], ""time_ms"": 5655}, {""type"": ""add"", ""point"": [7, 7], ""time_ms"": 6072}, {""type"": ""add"", ""point"": [6, 7], ""time_ms"": 6488}, {""type"": ""add"", ""point"": [6, 8], ""time_ms"": 6905}, {""type"": ""add"", ""point"": [5, 8], ""time_ms"": 7357}, {""type"": ""add"", ""point"": [4, 8], ""time_ms"": 7923}, {""type"": ""add"", ""point"": [4, 7], ""time_ms"": 8305}, {""type"": ""add"", ""point"": [4, 8], ""time_ms"": 8689}, {""type"": ""add"", ""point"": [5, 8], ""time_ms"": 9123}, {""type"": ""add"", ""point"": [6, 8], ""time_ms"": 9540}, {""type"": ""add"", ""point"": [6, 7], ""time_ms"": 9973}, {""type"": ""add"", ""point"": [7, 7], ""time_ms"": 10421}, {""type"": ""add"", ""point"": [8, 7], ""time_ms"": 11590}, {""type"": ""add"", ""point"": [8, 6], ""time_ms"": 11972}, {""type"": ""add"", ""point"": [8, 5], ""time_ms"": 12422}, {""type"": ""add"", ""point"": [8, 4], ""time_ms"": 12889}, {""type"": ""add"", ""point"": [7, 4], ""time_ms"": 13372}]","{""valid"": true, ""completed"": true, ""steps"": 21, ""task_reward"": 10.798258433228916, ""full_user_reward"": 10.439796179568722, ""partial_user_reward"": 12.700979751016327, ""true_safety_cost"": 2.261183571447605, ""perceived_safety_cost"": 0.0, ""hidden_hazard_entered"": false, ""details"": {""coffee_picked"": true, ""picked_from"": [4, 7], ""entered_true_busy"": true, ""entered_visible_busy"": false}}",14407,,,"{""information_complete"": ""yes"", ""strategy"": """", ""comments"": """"}"
